-- MySQL dump 10.13  Distrib 5.7.34, for osx11.0 (x86_64)
--
-- Host: localhost    Database: MaisonneuveE2195374
-- ------------------------------------------------------
-- Server version	5.7.34

/*!40101 SET @OLD_CHARACTER_SET_CLIENT=@@CHARACTER_SET_CLIENT */;
/*!40101 SET @OLD_CHARACTER_SET_RESULTS=@@CHARACTER_SET_RESULTS */;
/*!40101 SET @OLD_COLLATION_CONNECTION=@@COLLATION_CONNECTION */;
/*!40101 SET NAMES utf8 */;
/*!40103 SET @OLD_TIME_ZONE=@@TIME_ZONE */;
/*!40103 SET TIME_ZONE='+00:00' */;
/*!40014 SET @OLD_UNIQUE_CHECKS=@@UNIQUE_CHECKS, UNIQUE_CHECKS=0 */;
/*!40014 SET @OLD_FOREIGN_KEY_CHECKS=@@FOREIGN_KEY_CHECKS, FOREIGN_KEY_CHECKS=0 */;
/*!40101 SET @OLD_SQL_MODE=@@SQL_MODE, SQL_MODE='NO_AUTO_VALUE_ON_ZERO' */;
/*!40111 SET @OLD_SQL_NOTES=@@SQL_NOTES, SQL_NOTES=0 */;

--
-- Table structure for table `blog_posts`
--

DROP TABLE IF EXISTS `blog_posts`;
/*!40101 SET @saved_cs_client     = @@character_set_client */;
/*!40101 SET character_set_client = utf8 */;
CREATE TABLE `blog_posts` (
  `id` bigint(20) unsigned NOT NULL AUTO_INCREMENT,
  `title` varchar(100) COLLATE utf8mb4_unicode_ci NOT NULL,
  `body` text COLLATE utf8mb4_unicode_ci NOT NULL,
  `title_fr` varchar(100) COLLATE utf8mb4_unicode_ci DEFAULT NULL,
  `body_fr` text COLLATE utf8mb4_unicode_ci,
  `user_id` bigint(20) unsigned NOT NULL,
  `created_at` timestamp NULL DEFAULT NULL,
  `updated_at` timestamp NULL DEFAULT NULL,
  `categories_id` int(11) NOT NULL,
  PRIMARY KEY (`id`),
  KEY `blog_posts_user_id_foreign` (`user_id`),
  KEY `fk_blog_posts_categories1_idx` (`categories_id`),
  CONSTRAINT `blog_posts_user_id_foreign` FOREIGN KEY (`user_id`) REFERENCES `users` (`id`) ON DELETE CASCADE,
  CONSTRAINT `fk_blog_posts_categories1` FOREIGN KEY (`categories_id`) REFERENCES `categories` (`id`) ON DELETE NO ACTION ON UPDATE NO ACTION
) ENGINE=InnoDB AUTO_INCREMENT=42 DEFAULT CHARSET=utf8mb4 COLLATE=utf8mb4_unicode_ci;
/*!40101 SET character_set_client = @saved_cs_client */;

--
-- Dumping data for table `blog_posts`
--

LOCK TABLES `blog_posts` WRITE;
/*!40000 ALTER TABLE `blog_posts` DISABLE KEYS */;
INSERT INTO `blog_posts` VALUES (1,'Assumenda architecto cupiditate optio omnis.','Adipisci sunt est eaque libero eos doloribus repellat. Qui repudiandae qui commodi aliquid. Optio illo sit iusto adipisci. Perspiciatis libero rerum blanditiis vitae consequatur id. Debitis voluptates magni explicabo animi fugit. Aut occaecati omnis nostrum velit. Inventore veritatis vel voluptatibus qui dolorum sed. Et iure ea magni. Deserunt incidunt in qui. Libero est omnis dolorum velit similique cumque. Recusandae officiis cum ullam esse. Tenetur molestiae voluptatem accusantium sapiente voluptate. Earum possimus sint aut. Praesentium quam reprehenderit et eum culpa doloremque velit. Ut nam asperiores doloremque eos illum nam qui esse. Culpa cupiditate consequatur ab laborum alias saepe perspiciatis modi. Quo officiis rerum sit dolores incidunt. Accusantium dolor sed id et et repellendus hic. Iste nemo eos iusto nemo. Alias omnis occaecati cum eos ut nulla molestias sed. Quod velit rerum rerum nihil eius omnis. Neque a enim cum. Omnis molestiae adipisci dignissimos et. Nostrum excepturi repudiandae est quia. Qui quas pariatur odio omnis perspiciatis. Eius vel et facilis quia. Nostrum libero architecto laboriosam reiciendis inventore maxime. Autem distinctio quod est consectetur deserunt quas necessitatibus. Neque ad explicabo iste dolorem laboriosam. Et dicta consequuntur ut. Aperiam rem quidem et unde quisquam et aliquam. Aperiam porro enim provident facere. Omnis necessitatibus dicta ducimus occaecati voluptatibus modi veniam. Nemo aut nam voluptate magni neque. Veritatis odio qui tempora aut dignissimos. Tempora ea asperiores qui officiis accusantium. Aut iure in et magni fuga ex impedit. Qui quia vero cupiditate praesentium aut qui. Pariatur quia iusto voluptas sunt voluptas quisquam natus. Exercitationem ad quasi ipsam nobis ut laborum.','Omnis rerum et assumenda eum quos eum.','Totam dolores debitis soluta quaerat voluptas. Consequuntur ullam rerum repudiandae. Cum aliquam et reprehenderit corporis cumque quasi eius deleniti. Repellendus praesentium itaque aut omnis modi temporibus. Velit officia distinctio enim iure. Omnis non eum et qui. Corrupti sint atque quas qui sed ipsam. Nobis ea tempore praesentium nostrum odio dolorum ut. Qui voluptatum cum iure dolorem voluptates voluptas voluptatem. Officiis labore dignissimos ad. Eos corporis doloremque est aperiam mollitia occaecati est. Non autem aut occaecati laudantium quos ea autem. Quam vel facilis qui ut soluta error. Quaerat repellat voluptatem earum sed at perferendis facilis qui. Nam velit dolores harum. Minima deleniti veritatis accusantium corrupti veniam molestiae commodi. Molestiae et omnis neque officia. Tempore omnis et ab totam voluptas. Minima culpa expedita accusantium necessitatibus amet quas. Voluptatem dolorem et incidunt non qui hic. Qui voluptatibus eos quos ipsum vitae eos. Soluta necessitatibus dolores atque dolores aut et. Praesentium repudiandae atque reiciendis. Enim sed repudiandae possimus expedita qui similique harum. Illo dignissimos magni quia ut repudiandae quia dicta. Exercitationem eum cum facere dolorum sequi nulla enim. Nemo veniam dolore eligendi voluptatem consequatur. Voluptas corrupti dolore et quos dolorem hic et. In quas cumque sunt aut eligendi. Qui ut quam corporis qui quidem. Quia est iure quaerat aperiam alias eaque nostrum distinctio.',71,'2022-08-06 21:55:46','2022-08-06 21:55:46',2),(2,'Quisquam porro qui mollitia eos quo ullam.','Distinctio cumque natus optio voluptatibus voluptatem ut dolorum. Eligendi sequi labore iste recusandae molestias consectetur id. Nihil sit minima aliquid nobis quos cum. Sapiente eius numquam impedit. Accusantium illo eum nihil rerum corrupti ut beatae. Voluptatum accusantium consectetur sint quae similique. Perferendis explicabo est consequuntur voluptatibus dolore eum laborum rem. Error tempore consectetur aliquam qui voluptas. Fugit neque qui iure molestias error. Enim porro in maxime quaerat et. Aut blanditiis sed animi. Quia maiores maxime ipsum soluta fugiat. Ut iure distinctio odio repellat rerum dolor consequatur. Aperiam earum consectetur voluptatem unde. Sint labore eaque doloremque et voluptatem accusamus dolorem. Voluptatum quia eaque ut soluta dolorem. Autem ipsum voluptas rerum fugit. Natus quia voluptates consectetur qui voluptatem sapiente asperiores quas. Velit deleniti beatae alias repellat eius qui expedita.','Nihil veritatis id optio quo.','Sed quo magnam est eum odio distinctio quia. Id nam in sit beatae at doloribus. Assumenda debitis ratione non alias. Itaque voluptates odit non officiis. Quis animi esse rem labore. Tenetur dolor molestiae minima aut est dicta ipsa. Eaque dolores optio pariatur molestiae nemo. Velit asperiores veritatis delectus fuga. Sint quaerat itaque beatae aut. Excepturi expedita possimus facilis. Laboriosam quia accusamus necessitatibus dolore quos. Itaque ducimus esse harum necessitatibus nemo provident. Omnis asperiores quod ut doloremque est perferendis saepe. Beatae consequatur debitis rerum non vitae. Qui sunt aut quos quia. Eveniet magnam aut velit sint minima aliquam nemo. Excepturi incidunt necessitatibus natus amet quis. Sit similique unde laudantium illum. Consequuntur et dolore perferendis non doloremque nam. Ipsam quibusdam aut quidem. Officia ratione laborum omnis et fuga at consequatur. Accusamus dolor aliquam suscipit error. Natus et unde voluptatem dolor. Ut iure voluptas cupiditate delectus tempora qui. Quo et vitae dolores expedita omnis autem aut. Et quo deleniti exercitationem. Eum ipsam tempora dolorem adipisci sunt dicta. Quidem eos vitae blanditiis ab. Ut id eum deserunt. Error fuga et blanditiis. Et aut sit quia nihil.',63,'2022-08-06 21:55:46','2022-08-06 21:55:46',2),(3,'Fuga provident qui libero dolorem reprehenderit.','Quo iste soluta reprehenderit quaerat accusamus culpa et facilis. Repellat et quia voluptate. Dignissimos tempore sint velit quasi ducimus. Cumque cum voluptatibus quia ab ut minus. Omnis quidem voluptatem voluptatem reprehenderit. Consequuntur aut optio ullam. Ducimus magni rerum voluptatem et saepe nam quo. Iure in est labore iste consequatur voluptates dignissimos. Et explicabo dolorem expedita aspernatur sit. Sed vitae aut autem aut voluptatem qui veniam corrupti. Ut perferendis aut labore. Esse ea sed est sit sequi voluptatem veritatis. Velit culpa pariatur omnis explicabo qui natus repellat. Nobis dicta aut voluptates quaerat autem quia sunt. Debitis iure dolores nihil ut non et. Tempore quam sed dolorum tempore. Modi aspernatur dolor et et repellendus. Et natus porro ipsa commodi exercitationem inventore. Ut non perspiciatis est debitis quae eum ad. Velit explicabo cupiditate qui nam. Ad vero tenetur reprehenderit doloribus. Quo magni numquam qui dolor ullam. Necessitatibus recusandae aliquam nisi amet. Fugit omnis nihil est ratione soluta. Labore odit reprehenderit et assumenda autem autem sit perferendis. Odit aliquam odio sit sapiente. Consequuntur dolorem deleniti corrupti suscipit pariatur. Expedita rem cupiditate voluptatem beatae. Laudantium excepturi blanditiis corporis rerum ipsa. Ut ea assumenda et laboriosam ipsa. Ut ut odit illo non nam molestias velit vero. Nihil minima asperiores numquam sint assumenda velit iure. Totam qui perferendis numquam expedita.','Tenetur nesciunt qui dolorum consequatur dolores.','Quas voluptas dolor ea deserunt veritatis possimus. Vitae aperiam necessitatibus eum iste. Non et libero et quia modi natus officia. Omnis at maxime totam omnis unde. Alias aut sit qui expedita blanditiis qui. Fugiat officia reiciendis at debitis deserunt. Sit accusamus omnis dolor ex incidunt similique. Molestiae pariatur autem totam maxime aperiam. Dolorem autem laudantium totam harum. Autem eligendi maiores vitae sunt. Qui sint ex facilis quibusdam est tempora dolorem. Voluptas amet laudantium occaecati qui. Dolorum qui alias rerum. Eos omnis enim ut sunt velit asperiores. Quis dolor consequuntur sint sint dolore quo aspernatur reprehenderit. Molestias modi aliquid est sapiente nostrum cum. Dignissimos eos in quia tempora illum nulla hic esse. Nulla ut molestiae sed qui architecto et. Doloribus voluptatem iure accusamus laboriosam odio neque consectetur. Vel expedita odit magnam excepturi minima sunt. Repudiandae dignissimos qui aliquid. Possimus eos dolorem fugiat reprehenderit laborum aliquid soluta. Ut ea rerum minima. Libero nihil molestias dicta vel quam. Cupiditate voluptatem magnam esse vero. Quibusdam sunt veniam odit qui. Ratione mollitia praesentium sit nesciunt et officia non. Sed qui similique quo beatae. Et ipsa dolore blanditiis et voluptas. Quia aspernatur ea delectus quis quae occaecati voluptatibus. Quidem inventore non qui nisi. Magnam voluptas magni quos eum libero voluptatem. Et facilis ipsam porro aut nemo accusamus. Non iusto eligendi fugit at. Molestiae reprehenderit aperiam autem doloremque. Officiis quidem aut impedit et aperiam. Veritatis est maiores neque nulla. Qui tempora neque sit impedit. Sed voluptatibus doloribus aut sunt aut unde ullam. Eligendi recusandae qui illo voluptatum.',54,'2022-08-06 21:55:46','2022-08-06 21:55:46',1),(4,'Vitae mollitia tempora commodi sed ipsa excepturi velit.','Possimus qui necessitatibus similique qui eos. Sit ut soluta illum. Ut excepturi omnis aliquid aut dolores. Atque quis praesentium temporibus ea et dolores consequuntur autem. Praesentium eius consequatur iure. Autem est laudantium sit est iste velit. Fugiat illum debitis molestiae eveniet veniam. Possimus veniam sequi velit libero aliquam. Aliquid et quo rerum aut aliquid vitae nulla. Officia id beatae et amet error a. Dolorem aut magni voluptatem rem minima deserunt molestiae maiores. Eaque repellat quisquam earum aperiam cumque atque qui. Quo ut voluptas libero suscipit. Suscipit distinctio debitis magni voluptatem eos ad. Aut odit et cupiditate praesentium nostrum delectus vitae. Quod nisi iste eius nulla vel dolores consequatur et. Reprehenderit ea quo eos dolorem ipsa dolorem ratione. Ratione non quaerat sint non et repellat ut cupiditate. Praesentium eum ipsa illo id facere.','Qui quis ut quia enim ab veniam enim.','Repudiandae ut dicta quaerat iure quas eaque dignissimos. Non aliquam quo inventore est vel totam qui. Suscipit quibusdam aut nemo quas. Sequi excepturi omnis est ipsam. Minima quia voluptatem quaerat qui placeat doloremque non modi. Libero sit iste doloribus delectus ut harum blanditiis. Et doloribus beatae et numquam eum enim. Beatae deleniti repellat saepe aliquid. Sapiente non atque sequi ea pariatur vel. Vitae voluptas esse enim temporibus consequuntur. Incidunt aut ducimus necessitatibus consequuntur architecto odio. Est animi officiis est fugit ab corrupti voluptatibus ut. Voluptatibus deserunt sunt fugiat ipsum. Est neque laudantium dolor blanditiis esse et. Ut officia odio iusto ipsa aliquam qui qui. Autem at ea facere iusto voluptatibus fugiat veniam ut. Dolorum qui cum dolorem culpa sapiente at. Neque rerum dicta accusamus doloremque. Corrupti id eos molestiae provident optio blanditiis et. Nesciunt quia inventore rerum delectus distinctio vero minima. Ipsa earum dicta asperiores ea. Fuga ut quibusdam suscipit ipsa velit commodi. Enim et delectus consequuntur doloribus velit exercitationem. Et ut ut assumenda id quae qui quidem. Hic officia rerum vel. Cum nemo esse reiciendis. At non nulla facere omnis voluptatibus aliquam. In odit autem non maiores delectus. Sit distinctio minus dignissimos blanditiis animi. Et et ut deserunt incidunt. Quo aut autem porro consectetur. Voluptas eos esse reprehenderit voluptas quod. Illo a et ut voluptatum sed nobis. Ex est error labore et atque. Ab numquam quam in nesciunt dolorem necessitatibus sunt. Quia eos aperiam quos ut sed. Aliquam sit magni qui incidunt. Laboriosam rerum similique aperiam voluptas architecto. Tempore consequatur aut et doloribus autem est. Inventore distinctio quo iure dolor. Soluta est facilis amet eaque. Non qui laboriosam quam et tempore.',10,'2022-08-06 21:55:46','2022-08-06 21:55:46',1),(5,'Vitae quasi aperiam vitae consectetur sequi et.','Veritatis ullam quos non quos ea. Harum neque tempora ullam id est. Quos vitae deserunt necessitatibus velit ut nihil minus. Quo tempore modi consequatur voluptates. Quae voluptatibus praesentium excepturi sit aperiam quisquam. Accusamus facilis accusantium necessitatibus similique enim mollitia. Laudantium voluptatibus officia commodi pariatur officia et. Minus sed odio dolorem ab incidunt possimus. Consequatur voluptate omnis in et perspiciatis. Dolores amet dignissimos sit officiis eum veritatis. Quae voluptas nisi possimus. Veniam consequatur quaerat veritatis eligendi quis. Aut corrupti odio voluptates molestiae. Eos suscipit et omnis dolores mollitia. Ipsa illum aspernatur impedit iure. Vero dignissimos id voluptatum quibusdam illo. Perferendis et maxime vel non aliquam. Rem tenetur suscipit repellat. Fugit id sequi sed officia velit ratione quia aut. Fuga rerum autem rerum reiciendis vitae temporibus. Fuga et voluptatum sint inventore dignissimos et expedita. Ut a corporis inventore eos nemo temporibus. Doloremque facere fuga aut excepturi vitae optio sit. Earum est sed et ad maxime doloremque. Aut ipsum dolorem laboriosam blanditiis nobis. Aut sit doloribus sequi repellat. A aut incidunt sunt quia eum. Consequatur nihil amet itaque rerum numquam alias. Iusto eligendi sint rerum animi. Sed harum exercitationem occaecati dicta. Omnis velit doloribus non quis ipsum. Hic laudantium autem dignissimos culpa ut nisi minus ea. Autem officiis ea aut aliquid repudiandae. Est placeat ducimus labore ab sed. Beatae sunt omnis ratione aut soluta. Officia excepturi sit aperiam impedit. Voluptatibus voluptas numquam similique. Dignissimos ea adipisci quaerat quo aut enim. Modi suscipit quia praesentium voluptate saepe neque voluptatum. Et esse autem soluta. Quibusdam corporis ipsa consequatur quisquam enim repellendus.','Dicta consequatur consequatur et doloremque assumenda aspernatur.','Aut voluptatibus pariatur repudiandae ut commodi debitis. Eaque veniam nisi possimus eligendi ut enim. Aut voluptates et ut. Non dicta voluptas asperiores sit voluptate ducimus tenetur quis. Placeat blanditiis impedit quidem voluptas. Veritatis ut et repudiandae architecto. Quos et officiis fuga nostrum sunt assumenda. Sit error magnam ullam culpa labore iure. Dolore est quia soluta vitae. Amet enim veniam officiis voluptatibus deserunt. Laborum eum modi sapiente et. Aut eligendi pariatur enim voluptatibus. Aut cumque cum molestias ea et nihil placeat et. Odio voluptatem consectetur debitis sequi voluptate omnis asperiores. Illo et quia qui molestiae sed voluptatibus id. Tempore voluptates natus natus enim nam tenetur officiis. Veniam voluptas aut reprehenderit provident. Voluptas eligendi expedita dolore expedita repellat. Sit voluptates nesciunt ut corrupti dolorem. Earum occaecati magni incidunt unde voluptas aut. Error at et ullam minus omnis totam. Est voluptatem laborum et non voluptas. Dolorem vel iste qui autem. Exercitationem voluptatum perspiciatis eius voluptatem omnis. Autem earum saepe sed et. Quae expedita porro veritatis ipsum doloribus accusantium. Mollitia ipsam quia provident ipsum error numquam molestiae. Est consectetur accusantium ipsam deserunt sapiente est. Eveniet excepturi tempora quaerat delectus incidunt. Mollitia et neque et molestiae ipsam excepturi enim. Omnis et iste dolorem. Alias velit ea quae et aliquid architecto. Ex aliquam et recusandae illum ea quas neque. Eveniet dolorum eos quis optio possimus dolorem. Et ut doloribus vero. Facere voluptas reprehenderit dicta porro laudantium odit nobis sed. Saepe id animi suscipit officiis pariatur praesentium. Consequatur officia tempore rerum id nostrum natus.',55,'2022-08-06 21:55:46','2022-08-06 21:55:46',2),(6,'Impedit ullam iusto commodi et.','Ut illo rerum id ut. Fugit ut rerum repellat nulla et rem iure sint. Qui id recusandae aspernatur quod rem facere ut. Dolorem ut architecto quam dignissimos eveniet vel tenetur sunt. Aut molestias id ut recusandae accusamus nam quis. Sed sed ipsa quo nam dolorum qui praesentium reiciendis. Quod doloremque recusandae voluptatem perferendis ipsa qui. Dolores at voluptas non autem dolorem dolor nisi odit. Dignissimos animi quisquam in sed. Iure reiciendis reiciendis aut qui. Fugiat quae et nostrum excepturi quisquam ipsum. Saepe et dignissimos aliquid facere quos est. Minus illo ut eligendi nihil. Quibusdam cum explicabo pariatur vitae maxime veritatis corporis. Esse magni numquam qui in. Nostrum officia ipsum molestias ea perspiciatis accusamus. Consequuntur explicabo odit unde quia voluptatem. Enim ad eligendi voluptatem et hic officia veritatis. Est ut praesentium ut soluta sed molestiae voluptate. Odit dolores nihil alias. Voluptas beatae non eos. Voluptatem culpa nisi provident sed ea id sit. Modi corporis aut ut recusandae in voluptates. Enim alias molestiae ipsam sed et quae illo. Qui esse voluptas laborum cumque ut. Dicta et repudiandae saepe porro quibusdam. Quaerat perspiciatis laudantium nemo ex sit. Harum nemo placeat cupiditate ipsum consequatur. Rerum amet sit reprehenderit. Quisquam architecto sit quia doloremque dolore rerum. Sunt repellat quis eum temporibus ut. Officiis voluptatem ut rerum culpa quisquam. Ab veritatis ullam id eveniet dolores. Explicabo dicta saepe voluptatem rerum voluptatum corporis. Fuga recusandae sit velit porro consectetur quas molestiae. Saepe est illo natus non harum laudantium fuga. Minus amet consectetur enim quia cumque quibusdam. Facere omnis distinctio alias quis. Totam debitis in enim dolores consequatur quisquam fugit et. Dolorem minus quasi qui eum quidem. Expedita non molestiae sed.','Incidunt aliquam in qui id dolores.','Molestiae molestiae et dicta blanditiis deserunt eligendi. Omnis magnam officia omnis cupiditate. Error itaque ut iusto aut. Sit consectetur non nisi enim accusantium dignissimos perferendis. Recusandae qui assumenda quos quisquam perferendis in praesentium ratione. Eos expedita eos vitae. Enim molestias ipsum voluptatem blanditiis soluta officiis. Eveniet doloremque deleniti deleniti quo et. Consequatur rerum pariatur est repellendus natus. Omnis autem fugiat ab rem magnam aut. Repudiandae ut doloribus et nemo in. In dicta est facilis nihil. Et expedita vel ut eaque sapiente. Quae necessitatibus asperiores eius non quibusdam. Ea numquam modi sequi. Qui dignissimos dolores quo quo quaerat. Expedita qui sunt laborum perferendis sed quos ab. Voluptas illo velit pariatur in recusandae est atque. Qui error commodi ut mollitia et iure. Rerum recusandae voluptatem voluptatem sed atque sit.',11,'2022-08-06 21:55:46','2022-08-06 21:55:46',2),(7,'Itaque repellat iusto quidem soluta est.','Quos magnam fuga adipisci id consequatur et. Fugit deleniti qui explicabo temporibus. Quidem non quas necessitatibus corporis. Qui sint architecto labore ut. Et debitis enim fuga suscipit aliquid qui. Quo reprehenderit optio enim minus. Et non est temporibus. Ipsam dolorum dolorem cumque cumque in voluptatibus non. Sequi quaerat iste tenetur nihil. Sint velit autem ratione dolor. Tempora possimus illo culpa optio tenetur nisi quibusdam. Nulla reprehenderit odit doloremque quidem autem pariatur. Ea alias mollitia modi in. Illo rerum aut quia perferendis ipsam. Officia officia maiores sequi. Nulla eligendi maxime blanditiis et nemo harum ut sapiente. Quod ducimus eius doloribus quis. Qui labore harum quia et nam. Quidem ea reiciendis et debitis. Impedit omnis autem quos quod. Omnis illum ea odit consequuntur aperiam. Autem consequatur dolorem quisquam et vel. Quibusdam ex explicabo mollitia omnis nostrum atque. Ratione aperiam quia ut ut eligendi. Molestiae non rerum cumque. Rerum possimus qui iste deleniti magni accusantium. Eius aut quos aliquam voluptate aperiam. Pariatur et minus quo et sed maxime vero libero. Distinctio esse esse saepe magni veniam neque laborum. Sit voluptas quidem cupiditate voluptatibus qui qui quidem consequatur. Fuga quasi corporis iste ea quis. Doloremque ut minima dignissimos et aut non nostrum. Quas et unde in non omnis sint reprehenderit. Amet vitae animi nihil eligendi libero iure suscipit. Cum et incidunt quia eius. Voluptate maxime quia id consequatur harum.','Nihil nemo esse id laudantium repudiandae.','Cupiditate quam quod molestiae vel deserunt unde aut ab. Esse et consequatur vitae non velit. Reprehenderit eligendi eum doloribus id dolores dolorum error. Excepturi id cum placeat quibusdam consectetur aut nihil. Asperiores necessitatibus laborum officiis. Illo error sed impedit voluptatem. Deleniti doloremque ab dolores rerum quae porro at animi. Non soluta vel alias fuga voluptatem magni. Sunt blanditiis corporis magnam ut quia optio voluptatum. Quis dolor nesciunt earum eveniet. Reprehenderit excepturi voluptatibus nihil magnam dicta voluptatum sequi maiores. Est aliquam ut porro. Ut officia aliquid voluptatem accusamus. Soluta ea sunt consequatur ab incidunt accusamus. Enim et reprehenderit quam consequatur ipsam dicta aut. Veritatis quibusdam omnis voluptatum et. Reiciendis et aut sint magnam. Earum quis officia ut. Accusantium consequuntur natus vero voluptates. Necessitatibus placeat asperiores aut est qui dolorum ex. Recusandae optio laudantium quidem cumque velit. Deserunt consequatur culpa ut placeat ad ea. Totam reprehenderit impedit mollitia vel quasi quidem. Expedita dignissimos fugiat ea reiciendis atque debitis. Veritatis est necessitatibus quasi et esse quaerat non. Autem dolorem laborum voluptas incidunt sunt. Consequuntur tempore minima labore. Earum a dignissimos porro dolores placeat consequatur asperiores. Rerum laborum expedita sapiente distinctio. Excepturi esse veniam fugit odio inventore. Enim quia et et occaecati quia laborum libero iusto. Corrupti maxime natus repudiandae possimus mollitia quibusdam. Quod temporibus illo debitis id molestiae numquam. Rem qui aut soluta in eius et est adipisci. Voluptatibus placeat esse ipsam vero. Perspiciatis animi ex animi est quia. Error nobis aut et debitis ea qui est. Et et officiis ipsam sequi iusto nihil. Sit est nihil est numquam rerum. Illo et molestiae voluptas sit quod.',56,'2022-08-06 21:55:46','2022-08-06 21:55:46',2),(8,'Sed et officia itaque consequatur velit.','Pariatur et sequi minima aut amet. Praesentium cum dolor officiis eligendi esse odit. Ut voluptas vel ex expedita qui ex magni. Aspernatur ut necessitatibus ratione voluptatem enim sequi. Eum qui fugiat sunt nostrum. Aut reprehenderit sed minus. Optio qui laboriosam fugit et assumenda. Totam libero quaerat magni ipsum quo officia. A at tempore pariatur aut repudiandae. Qui facilis rerum quaerat. Necessitatibus eveniet exercitationem ex voluptatem omnis. Minima perspiciatis iste corporis nemo cupiditate sint rerum. Quia neque consectetur est officia. Repellendus esse itaque repellat rerum et eligendi quibusdam quia. Reprehenderit voluptatem repellendus nostrum ut soluta. Itaque qui dolor tempora at nam animi omnis. In nemo eius sit dolores optio veniam quo natus. Placeat maxime ipsam ducimus doloribus necessitatibus recusandae omnis. Facere et repellendus perferendis nam est quae assumenda animi.','Nulla quia aspernatur qui ut quibusdam quae.','Veritatis aut hic et voluptates inventore. Molestiae eius eum reprehenderit veritatis occaecati quis quia atque. Omnis ut sit recusandae molestiae architecto et. Quia ut et aut ducimus rerum reprehenderit. Itaque ad numquam omnis sed. Voluptas cumque praesentium reiciendis nihil ut. Autem adipisci eveniet quis sunt molestias. Qui non dolores odit numquam qui. Ut nesciunt iure non odit. Mollitia voluptatem occaecati ipsum minus nihil eius aliquam quidem. Explicabo qui sapiente eaque molestiae. Quisquam ut quas aut et itaque laudantium quae. Voluptatibus tenetur dolores optio quo sint. Saepe sed veniam molestiae labore molestiae et. Ipsam accusantium sequi commodi nulla dicta. Temporibus dolor non ea voluptatem. Et in recusandae fugiat ut. Praesentium dicta nihil illo molestiae dolor. Tempora impedit explicabo et odit. Repudiandae ipsam natus in aut dolorem. At reiciendis quae et hic est numquam animi. Hic aut porro nihil quis dolor est assumenda. Earum ipsa et sed nobis nihil. Tenetur quidem illo mollitia aliquam recusandae qui qui similique. Aut harum ea aut facere. Omnis officiis voluptatem atque consectetur. Est et molestias laborum recusandae iusto. A similique a rerum quasi et at occaecati. Consequatur est rerum quia aut tempore odit sint. A incidunt possimus dolor vel. Sit aut quia voluptatem sequi ad expedita. Earum rem culpa amet dicta eveniet. Cumque qui rerum autem incidunt quaerat. Et doloribus a quia a aut et adipisci. Voluptatem fuga sed incidunt iste. Aut ea amet voluptatum et sapiente iusto dolore magnam. Modi dolores facilis incidunt iusto praesentium voluptates libero est. Distinctio iste rerum ad harum architecto. Non magni sed voluptas atque molestias. Sit placeat aut voluptas. Et deserunt odit consequatur placeat porro quos sit.',59,'2022-08-06 21:55:46','2022-08-06 21:55:46',2),(9,'Dolor totam pariatur adipisci voluptatibus labore quas.','Sapiente quasi optio aspernatur molestiae. Sit repudiandae voluptatem dolorem quaerat alias ut exercitationem. Illum est ducimus asperiores quo. Laborum dolores aut voluptatum magni omnis. Et odio rerum totam ratione ut dolores necessitatibus. Temporibus fuga adipisci aut sunt aperiam voluptatem accusamus. Atque iste nostrum omnis doloribus odio dolorem. Sunt ad nihil ratione odit. Aut aperiam pariatur odio perspiciatis dolorem. Quasi porro culpa aut officia quia nostrum. Quos saepe esse unde dicta. Deserunt itaque repellat vel nemo. Id autem voluptatibus commodi est saepe voluptates debitis enim. Doloremque ut molestiae aut. Id impedit laboriosam molestiae occaecati provident autem. Tempore omnis saepe iure voluptas quia. Sequi commodi et deserunt ipsa. Aut nulla at quis neque. Accusantium aut voluptate et accusantium vel. Qui voluptates aspernatur exercitationem optio sit illum odit. Nam voluptatibus ut et et. Velit consequuntur voluptatem minima nobis natus doloribus aut. Qui qui magnam temporibus non consectetur. Ratione placeat quia architecto amet. Quae odio corporis dolore. Modi adipisci recusandae possimus quae omnis commodi velit. Asperiores quia officia totam qui facere. Ab aspernatur optio delectus tempora autem labore. Sint quod tempora ab rem repudiandae. Quia enim ducimus laudantium. Ducimus numquam aut sapiente. Molestias tempore cupiditate magni nemo tempore rerum autem. Et voluptas consequuntur quia labore ipsa nihil praesentium porro.','Eveniet veritatis nihil qui modi rerum.','Eos doloribus possimus qui necessitatibus ut et. Magnam deleniti dolores id accusamus delectus. Id fugit qui accusantium ut quia omnis quo. Aperiam quia libero ex vero laboriosam aliquam est. Corrupti quis et odio necessitatibus vitae corrupti eius. Eveniet cum tenetur ullam officiis. Nihil quia nesciunt laborum fugiat non est illo. Incidunt quo laborum doloribus totam et in nihil maiores. Similique accusantium sunt nihil earum praesentium aut aliquam. Quidem ut numquam tempora ut excepturi. Est perferendis accusamus non consectetur voluptatem. Minus qui et minus quam sit. Quia quas et voluptatem sit voluptatem vitae maxime. Eum eius molestiae impedit est illo voluptatem. Molestiae libero accusantium aliquam vitae. Velit repudiandae rerum excepturi perspiciatis eum dolor sit. Et iusto nemo non culpa voluptatem est. Omnis aut harum eos. Aut eius quo optio enim rerum vero. Omnis voluptatem et dignissimos voluptas omnis. Quia numquam et magnam voluptatibus aspernatur esse maiores. Autem corporis temporibus occaecati illum ratione rerum qui distinctio. Dolor labore officia quos qui qui est. Unde voluptatem molestiae ipsa voluptatem facere. Quidem voluptate non expedita ratione. Ex omnis natus ut qui ut quisquam aut assumenda. Enim maxime sed quia necessitatibus fugiat. Quaerat vel quia itaque. Aut ut molestiae eum dicta. Ipsa incidunt est vel. Quisquam aut voluptas voluptates quaerat sunt.',55,'2022-08-06 21:55:46','2022-08-06 21:55:46',1),(10,'Voluptates sunt animi aut quia consequatur.','Officiis molestiae est iure modi est perferendis est. Culpa reiciendis est commodi veritatis et quibusdam dolores. Necessitatibus est aut quis qui. Impedit maxime omnis ducimus dolore. Debitis veniam ea eius illum voluptatum. Praesentium perspiciatis natus et deleniti enim. Molestiae ullam vel voluptate aut distinctio blanditiis provident. Accusantium dolorem autem quia repellat quae. Quia eum animi ad eum eligendi aut quibusdam laborum. Ut dolores nihil inventore quidem sit magnam quae. Facere aut illum eum ad odit. Enim alias harum est non. Et dignissimos voluptatum molestiae aut et nihil perspiciatis. Veniam velit corporis sequi eos aspernatur laudantium repellendus. Nobis fugiat sunt quis repellendus iste debitis. Delectus molestiae a soluta a aut. Maxime at ab error neque molestiae. Et ut qui odit temporibus non. Dolores in voluptatem et iusto est. Et ut harum eius laudantium corrupti animi est. Ipsum qui consequatur adipisci fugiat voluptatum adipisci deserunt. Omnis harum velit possimus est totam ipsam labore. Cumque fugit temporibus ab dicta laudantium. Est aut ut velit omnis. Quod impedit esse omnis qui id voluptatem dolor. Et sed necessitatibus alias. Sunt ratione aperiam et non amet. Doloremque voluptatem occaecati iste ea. Nulla nemo suscipit quibusdam voluptatem. Aliquid autem repellat sit. Eius officia est vel provident. Odio qui atque perspiciatis quia velit molestiae nam. Est ut qui consectetur blanditiis possimus amet et. Similique ipsum dolore voluptas magni laudantium. Sit et magni modi qui ullam ut modi tenetur. Necessitatibus ex reiciendis magni sed et tenetur. Recusandae repellendus provident voluptas atque mollitia dignissimos suscipit. Sit eum possimus ad labore beatae quia voluptates. Quo et in eligendi dolorem aspernatur voluptatem. Soluta iste quo qui quidem aperiam corporis natus vel. Autem ut et rerum fugit. Qui dolorem minima tempora est tempore culpa doloremque.','Sapiente vero neque ab quo et nihil.','Labore consectetur tempora aut eos et. Reiciendis eveniet quo voluptatem neque inventore nulla. Ea a expedita ullam placeat nihil suscipit et. Consectetur dolorum impedit aut non nam ut unde. Corporis ad aliquid dicta voluptatibus sed omnis ullam suscipit. Veritatis maxime recusandae molestias dolores provident sunt qui nihil. Rerum quae omnis nisi repellendus sed nihil in. Dolor rerum doloremque labore dolorum voluptas et quis. Est et perspiciatis deserunt quae et molestias iure debitis. Architecto omnis eos minus molestiae perferendis explicabo possimus. Quaerat vero voluptate atque officia qui sint. Natus tempora aperiam culpa illo asperiores. Aut consequatur dolor quidem eveniet quod. Quas totam mollitia vel nihil hic reprehenderit. Aut ab aut illo dolor tenetur animi. Optio culpa et ducimus sit nisi voluptates. Earum aperiam sint et accusantium eos ut ipsa. Iure libero debitis totam odio. Consequuntur tempora vero rerum vel aut eum. Quo veritatis deleniti qui dolor dolores quis maiores aliquam. Officiis dolores quas explicabo vero ut dolores. Molestiae minima omnis et. Provident laborum error possimus ipsa. Accusantium ducimus similique possimus. Et deleniti provident vel voluptatum non accusantium. Optio ipsum molestiae molestiae maxime dolore cum. Beatae distinctio reiciendis quae tempora reiciendis.',8,'2022-08-06 21:55:46','2022-08-06 21:55:46',2),(11,'Ut quae officia sequi.','Culpa et qui voluptatem quam. Veritatis delectus amet minus molestiae. Laboriosam quo quisquam illo at fugit. Magni non unde quia laborum officia magnam doloremque. Repellendus sint ullam labore omnis adipisci iusto. Commodi qui dolorem illo. Totam facilis recusandae quaerat et. Eligendi consequatur illo autem voluptas ullam deserunt. Qui cumque nostrum tenetur et expedita. Nobis provident quia blanditiis optio. Consequatur in officia quibusdam. In blanditiis et quam a. Quae ea ipsum consequatur voluptatibus quibusdam. Labore laborum similique et ut unde impedit fugit non. Deserunt minus reprehenderit sequi nulla quas atque. Eligendi enim omnis est voluptatem ea. Perspiciatis velit reiciendis qui aliquam quo. Commodi dolorem expedita a at. Autem rerum a nihil omnis eaque temporibus non. Reiciendis accusantium dolores voluptatem est. Excepturi rem qui suscipit quibusdam ut voluptas optio. Modi a deleniti veritatis neque eos aut. Dolor amet ullam quia minima sunt quia suscipit. Dolore quia cumque voluptatem ut ut eum est. Error ut natus amet soluta.','Sit asperiores tempora veritatis ratione.','Enim eos voluptatibus vel dolor ut expedita dolor eligendi. Vel nihil veritatis necessitatibus porro facere. Reprehenderit et eaque qui provident sit culpa. Magni distinctio repellendus sit optio nemo. Rem rerum tenetur earum dicta enim facere quidem. Et assumenda tenetur nesciunt atque sit voluptatum. Dolorem quibusdam perspiciatis id natus. Et quos architecto animi est. Totam consequatur ab aut ex et non qui. Voluptatem et soluta quod aut praesentium tempore aut quod. Vel dicta nulla sapiente quam occaecati suscipit consequatur soluta. Consequatur et accusantium ad quos. Itaque minus voluptate architecto perspiciatis tenetur laborum. Ea voluptatibus illo enim. Sit quibusdam consectetur consequuntur rerum. Neque voluptas iusto et dolorum possimus quisquam nemo. Provident fuga repellendus inventore recusandae. Quia dolor maxime error qui. Perspiciatis numquam et aperiam delectus harum nihil quo. Dolorem aut aut numquam molestiae non qui. Repellat consequatur consectetur dolor deserunt quidem. Aliquid molestiae est vero voluptatem eligendi vero tenetur. Ea itaque sed explicabo est quidem. Et est consequatur voluptatem et. Doloremque ratione ducimus molestiae aut dolor eveniet. Vel et hic ad reprehenderit sint. Sunt minima tempora minima id velit nulla sapiente. Et ut dolore incidunt qui quas. Id non aut quasi repudiandae aliquam neque voluptatem quae. Maiores ullam porro laudantium adipisci fuga nemo. Enim fugiat reiciendis voluptatem suscipit vitae quidem modi. Laborum quia qui veniam porro.',101,'2022-08-06 21:55:46','2022-08-06 21:55:46',1),(12,'Ab voluptatem laudantium est iure ad.','Tempore voluptate repudiandae odit quia. Maiores mollitia fugit accusantium in minus. Mollitia recusandae quia consequatur optio. Est reprehenderit officia eos id magnam. Itaque consequuntur alias sint laudantium temporibus pariatur repellendus corrupti. Voluptate est voluptas repellendus eum aliquid non ullam. Laborum labore magni qui possimus. Aut libero id est. Quis maiores ab modi rerum commodi est. Qui dolor neque sit quis odio laborum. Et sint pariatur molestiae soluta deserunt et. Et reiciendis perferendis accusamus aut est. Consequatur et sed deleniti sit velit numquam soluta. Eos perferendis non ducimus aut quam non. Dolores autem autem ut quae sit quibusdam. Enim nulla vitae corporis aspernatur dicta. Quidem animi vitae autem accusantium. Est qui aut unde et et hic sit. In odit cumque velit magnam sed et. Mollitia in mollitia totam aspernatur sequi ducimus.','Consequatur laudantium quis sit delectus blanditiis.','Accusantium rerum expedita atque rerum quis dolorem ut. Distinctio itaque doloremque sit quis vel illum. Possimus earum adipisci omnis neque nam magni atque nihil. Quia dolores eaque incidunt aut error eveniet. Omnis minima est aut dolore rerum qui. Possimus doloremque aperiam odit voluptatem aliquam ex. Sunt aut omnis soluta provident deleniti. Dolorum modi voluptas ad totam fugit omnis corporis est. Ad possimus harum facere dignissimos amet. Eius fugiat autem eos voluptate voluptatem voluptates. Quam voluptatem et quaerat id aspernatur. Quaerat animi distinctio eum nisi similique asperiores. Asperiores aut laboriosam amet consequatur eveniet omnis dolores. Voluptatem enim doloremque dolorem assumenda omnis animi ipsum. Et animi optio qui rerum sapiente culpa nihil. Hic totam distinctio hic vel nam doloremque reiciendis. Possimus repellat quam ut id. Et veniam et et commodi error. Ratione pariatur deserunt excepturi quia. Sunt sunt et enim sunt saepe explicabo et. Dolorem est sunt enim dolore et quas neque. Qui assumenda vel explicabo quam. Fugiat voluptate vel quae fugiat magni nihil. Accusamus dolore animi et rerum. Delectus quis voluptatem eveniet in eum nisi quis. Ullam ut possimus enim ex molestiae. Praesentium adipisci similique tempore praesentium. Laborum omnis maxime a vel. Ratione qui odio iste voluptates fugit sit. Rerum debitis vel id eligendi aspernatur adipisci deleniti. Nemo provident iste sequi a et. Iste ipsum eaque at qui pariatur. Neque sunt at expedita rerum. Veniam quidem fugiat deleniti nisi qui. Neque culpa ratione aperiam dolorem dolorem. Amet inventore est eveniet modi. Commodi est necessitatibus aut odio exercitationem. Iste sit quia eaque. Est fugit expedita veniam mollitia voluptatum fugiat voluptatum. Veniam et quia assumenda. Et qui sunt nobis pariatur. Excepturi beatae quis veritatis qui.',90,'2022-08-06 21:55:46','2022-08-06 21:55:46',1),(13,'Magnam minus distinctio sequi est in.','Eius perferendis fuga tempora sit eveniet. Iure enim et id ut vero odit sed modi. Similique omnis sunt rerum corporis suscipit aut ut. Saepe earum alias assumenda est ut. Ex dicta nam doloremque. Voluptatem odit recusandae vel maiores occaecati et adipisci. Fuga voluptatem et explicabo voluptate est. Quisquam velit vitae expedita placeat. Quasi quae commodi corporis libero voluptate nihil. Voluptas sed veritatis voluptates ut qui. Dolorem accusantium qui sed eum aspernatur dolores. Quaerat asperiores ipsum saepe quam. Fugit rerum eius id tenetur illum. Autem debitis dignissimos praesentium et ex soluta ullam. Facere eveniet et rerum eaque sint. Dolor enim minima vel. Reiciendis quam voluptates excepturi. Id qui sequi qui necessitatibus soluta. Ea laborum ut quidem corporis iure praesentium. Eum sit non numquam et. Velit quam deleniti debitis alias voluptatem perferendis sint. Vitae qui assumenda voluptas voluptas debitis ut. Labore doloremque quas nisi enim magnam ex. Consequatur voluptas dolores numquam inventore. Fugiat unde aut sed. Dolor quo voluptatibus ullam.','Est et suscipit perferendis non occaecati.','Nulla quas numquam et quas eius deleniti. Voluptatem eligendi soluta cum delectus deserunt perferendis. Nesciunt laudantium qui odio perspiciatis. Id in rem tenetur incidunt iusto nisi et ad. Laborum qui aliquam beatae laborum illum labore ipsa. Assumenda ipsam beatae repellendus sequi illo dicta fugit odit. Eius eveniet quas laboriosam sed nemo necessitatibus est. Delectus eum deleniti laudantium. Quos eos voluptatum dolore aut maxime amet. Neque fuga ratione ducimus porro et. Culpa ullam voluptatem beatae et. Voluptatem voluptas rerum ad fuga ipsam aperiam ea. Sunt cupiditate iure totam voluptate. Soluta aut velit officia tempore suscipit. Est mollitia sed est quasi repudiandae et aut. Earum labore error quia voluptas. Error tempora ipsum nam neque repellat ut. Alias sit enim totam. Eius facere voluptate aut aut eos est ducimus. Quod molestias eius velit tempore. Aut aut illo atque similique aut excepturi ut nesciunt. Porro hic at voluptatem in. Doloribus ut est voluptate excepturi velit possimus. Id aperiam quibusdam molestiae sed eligendi. Quaerat aut aut quaerat blanditiis. Quo similique animi magnam facilis vel. Officiis vitae nihil ipsa aliquid maiores ut ea. Natus animi facere voluptatum laborum animi natus repellat. Placeat ducimus quia dolore sed autem. Quia voluptate velit iusto ipsa neque reprehenderit. Voluptas rem assumenda eum. Cum numquam perferendis quis iure repudiandae. Et laborum facere laudantium. Id eos error nulla mollitia. Voluptatem consequatur aut voluptatem et pariatur. Hic magni dolores odio enim et blanditiis molestias. Laudantium recusandae dicta non sit voluptatem nostrum blanditiis vitae. Et ab quaerat labore praesentium consequatur perspiciatis nemo. Vel qui quo qui veniam asperiores aut veritatis. Sequi cupiditate laudantium veritatis aperiam ea eveniet omnis.',102,'2022-08-06 21:55:46','2022-08-06 21:55:46',1),(14,'Voluptas maxime recusandae fugiat nihil.','Quibusdam nulla et dolores hic esse. Iste explicabo dolores et qui sequi exercitationem cupiditate quasi. Et est dolor nisi enim. Perspiciatis ut praesentium eligendi facilis voluptates animi quam. Eligendi dolor commodi dolorum voluptatibus. Sint voluptatibus voluptatum dolore qui eveniet et velit accusamus. Placeat natus maxime qui numquam ut. Dolores id nam excepturi ut corporis vel. Tempora quaerat facilis maiores. Itaque sit ad dolores aut. Officia molestiae qui et rerum. Est quos minima quod explicabo. Architecto voluptas et quibusdam alias vero quo. Unde in voluptas officiis. Accusamus incidunt dolor rerum ut dicta. Reprehenderit voluptatem odio tempore. Atque quos vel aut aut ut. Dicta aut ut et iusto non. Magnam deleniti eum delectus facere eos. Recusandae voluptatem molestiae pariatur quae repellat illum dignissimos. Eos sint minima ducimus vel quis facere ratione. Velit aut consequatur velit dolorem. Eum ea aliquid nihil. Iusto sunt asperiores similique laborum consequatur. Possimus eveniet sapiente non sed aut distinctio consequatur. Aut qui occaecati repellat molestiae dicta reprehenderit debitis voluptas. Vel delectus eum voluptas vitae accusantium. Esse asperiores reiciendis et et error. Sunt tenetur nulla beatae rerum. Harum consectetur autem esse. Quia eum in qui architecto. Laboriosam atque omnis vitae placeat ut nesciunt. Asperiores iusto molestias distinctio voluptatibus. Cupiditate molestiae laborum consequatur omnis. Occaecati omnis possimus et dolor hic nulla ipsum. Consequatur eum vel facilis impedit omnis voluptas. Nisi ut voluptatem vero ducimus. Doloremque sit qui quas quod sapiente et reiciendis. Sit doloremque dolor sit omnis quae quis quis eveniet. Repellat sint impedit cum impedit dignissimos. Nam sed accusantium aut.','Et iste consequatur quis est dicta aut.','Omnis ex exercitationem maxime at. Dolore sit ex voluptates. Quod quia nulla commodi quis qui. Cumque ratione sunt pariatur vel cumque earum explicabo quia. Itaque repudiandae veritatis vel est illum alias. Cum neque totam rerum molestiae. Architecto possimus dignissimos molestiae sed dicta error. Illum ratione possimus praesentium quod. Natus reprehenderit repellendus doloremque. Vel magni aliquam occaecati dicta. Eum voluptatem et voluptatibus et et consequatur. Illum voluptas laborum saepe ut. Nostrum et iure necessitatibus omnis. Hic sint aut magnam error nulla similique dignissimos officiis. Libero vitae omnis aspernatur fuga aspernatur id minima. Odit praesentium occaecati qui vel ratione. Alias aliquid quaerat reiciendis earum. Commodi qui eaque nemo id natus rem fugiat distinctio. Optio et eos dignissimos. Nihil omnis rem corrupti. Dolorem fugiat in hic quibusdam. Consequatur minima exercitationem incidunt temporibus fuga. Suscipit sit a ratione illum sed minima. Deserunt velit iusto rerum. Autem et tempora vel aspernatur et. Voluptatem quae aut voluptate facilis id dolor ea. Voluptates exercitationem ut nesciunt distinctio id sit totam. Assumenda ex repellat sit ut eum. Fuga nemo error nam. Ea cum pariatur quae quisquam voluptate a totam voluptas. Rem consectetur ut autem non iste tempore.',45,'2022-08-06 21:55:46','2022-08-06 21:55:46',1),(15,'Enim veritatis autem dicta placeat aut fugiat.','Quas qui harum qui dolores officia quia. Ut sed ducimus sequi velit sequi assumenda blanditiis saepe. Eligendi corporis eligendi et autem nisi consequuntur praesentium. Deserunt quisquam voluptas nihil dolorem facilis iste qui. Corporis qui impedit nihil porro cum assumenda blanditiis. Iusto rem nulla est blanditiis distinctio illo. Modi accusamus est enim soluta. Velit qui quibusdam omnis impedit accusamus necessitatibus. Explicabo eos enim qui fugiat placeat. Repudiandae vel delectus qui aut in odit et. Nihil non minima a. Voluptatibus quis quis debitis enim dolore in nostrum. Non exercitationem in autem ut. Harum quasi similique exercitationem nostrum placeat eius. Ea accusantium voluptatem perspiciatis enim eligendi similique. Corporis velit eligendi quo aut repellendus iure enim. Saepe alias nam nihil. Voluptatum ut dolores tempora velit. Magni nulla ipsam quaerat necessitatibus dicta facilis. Ab omnis officiis sunt molestiae quo beatae. Non velit laborum occaecati sequi impedit ut temporibus ipsam. Cumque aut unde quaerat repellendus. Impedit ipsam beatae unde commodi et praesentium aut. Provident dolorum eum in. Dolor officia incidunt asperiores quia tempora. Voluptas qui labore qui officiis optio qui omnis. Ut in nisi rerum provident sint. Voluptates voluptatibus harum recusandae sit sed. Eaque consequuntur aut perferendis. Aut illum dolorum et quisquam architecto facilis illo. Quia dolorem quia et expedita voluptas sit. Eum aspernatur magni iure id.','Et et velit voluptatem voluptate.','Ullam eius quia et doloremque eos dolores. Quis similique dicta doloribus quia ipsa. Et rerum vero necessitatibus perspiciatis natus. A est expedita porro minus et ratione. Et perferendis consequatur omnis placeat voluptas id. Et est laborum est qui dolorem minima corrupti. Ut reiciendis veniam vero aut. Harum et odio molestias nihil iste voluptatibus. Blanditiis soluta voluptas omnis alias sint. Cum placeat et beatae voluptate occaecati. Quisquam rem et inventore voluptatem. Reprehenderit quos doloribus assumenda quae voluptas sed. Ex sit corrupti qui temporibus. Suscipit ipsam cumque magnam. Odio voluptatibus consequatur quae. Est porro a quisquam est aut fuga voluptas. Ullam modi quas vero itaque. Velit officiis nesciunt sint consequatur non aliquam esse nesciunt. Modi qui consequatur ipsa ut et iure et voluptatem. Et corporis perspiciatis magni libero. Esse velit aperiam quasi qui architecto architecto.',57,'2022-08-06 21:55:46','2022-08-06 21:55:46',2),(17,'Occaecati exercitationem illum officiis tempora.','Pariatur dolor provident est. Rerum magnam dicta eos consequatur. Aut sed officia dolorem eum quidem. Voluptas quisquam earum consequuntur sed nesciunt distinctio optio. Animi vel quis nulla culpa voluptatem. Excepturi sit rem ea aliquid nemo adipisci explicabo. Illo sequi voluptatem totam odio. Dolore quia nihil vel magnam nesciunt et explicabo voluptas. Aspernatur quo quia laborum sed iusto corrupti quia. At aut rem voluptatem cum. Maxime aut quis repudiandae dolor autem. Est omnis magni nihil maxime minima. Doloremque dolores voluptas reprehenderit. Minus exercitationem quas provident quis fugit repellendus aliquid quia. Quidem ea cumque id quo. Ut aut iste aut quia blanditiis id. Molestiae error molestiae debitis enim molestiae ipsam voluptatibus. Rerum a ex occaecati nesciunt. Eligendi et sunt quia nobis. Qui exercitationem rem autem autem temporibus. Voluptas aut illum unde quae autem. Accusantium error sapiente aliquid provident. Sunt rem aut ab et nihil expedita. Iure ad dolorem iste tempore pariatur quibusdam. At ab deserunt et tempora. Aut incidunt quo et assumenda qui odio. Aut illo dolorem praesentium ut sint in dolores. Unde delectus atque et. Non animi et maxime modi. Rem quo atque dignissimos quia est quis. Voluptate saepe asperiores voluptatum similique nihil aperiam a. Et ipsa sit aut porro facere. Et nisi ipsa quasi est minima. At quo vel aperiam magnam pariatur ullam. Ea distinctio nulla provident delectus voluptatem ut. Sed corrupti ut delectus aut aperiam sunt est. Eos sapiente facilis dolore. Minima sunt ipsum aut harum. Repudiandae rerum architecto quia vitae. Qui repellat quia reiciendis temporibus deleniti ducimus non tempore. Et qui facilis odio animi qui qui nesciunt. Illum consequatur dolorem sit est veritatis ab.','Incidunt vel non tempore soluta impedit amet.','Commodi possimus dicta fuga cum odit rerum corrupti dolore. Recusandae harum nostrum debitis a qui. Necessitatibus id voluptatum eos sed rerum. Aut voluptatem est unde voluptatibus nesciunt. Rerum sunt laudantium deleniti. Nobis aspernatur nostrum quibusdam autem. Voluptatem laboriosam consectetur deleniti fuga aut cum. Odit consectetur consectetur quisquam animi quod commodi. Distinctio eum in iste ab suscipit et. Dicta sunt ad dignissimos voluptatem eos pariatur. Odit quibusdam repudiandae placeat explicabo ut et dolorum. Optio occaecati repudiandae voluptate debitis. Nostrum incidunt vel exercitationem doloremque incidunt impedit. Qui quaerat ipsam beatae dicta at ut quaerat ea. Reiciendis praesentium dolore ullam. Rerum ut magnam quibusdam officia. Consequuntur corrupti est placeat ut. Deserunt pariatur repudiandae magnam mollitia officiis voluptas atque voluptatibus. Provident laborum sapiente atque quia ipsum natus aut. Commodi minus omnis numquam. Et iure cum fuga tempore rerum sed. Omnis quasi quo magnam tempora amet. Sint reprehenderit et aspernatur id id ut. Repellendus eum et culpa ipsum earum illum. In qui perferendis ut. Est deserunt molestiae modi laborum velit dolores inventore. Reprehenderit omnis expedita et officiis et et non. Repellat ut reprehenderit quos porro magni. Possimus eveniet itaque dolorum molestias. Sint dolore autem rerum magnam voluptatem. Iusto harum unde eius eum eos et deleniti. Porro illo dicta dolore earum.',31,'2022-08-06 21:55:46','2022-08-06 21:55:46',2),(18,'Nihil ullam facere voluptas praesentium cum nihil.','Nihil nesciunt repudiandae quis autem et magnam. Id et non dolorem distinctio corporis sit exercitationem quaerat. Eum in similique ullam dolorem corrupti quasi. Velit aut et nihil. Ut asperiores et ut. Aliquid voluptatum ipsa id dolorem dolorem qui laborum. Minus eligendi velit necessitatibus necessitatibus dolores. Omnis alias dolores praesentium quia. Aut quae doloribus enim adipisci quia. Autem dolor quaerat aliquid assumenda consectetur. Praesentium quae et harum et a eos ut. Velit eaque illum nobis voluptas dolorum. Veniam quos ipsum unde voluptatibus animi ea. Qui ut culpa explicabo aperiam eius earum et. Ut nobis minima dolor aut. Enim laudantium quibusdam cum officiis consequatur. Nulla non qui non ab animi officiis molestias. Inventore ea et aut repellendus expedita dolore. Ipsam quibusdam repudiandae deleniti voluptas. Dolores minus autem qui dignissimos dicta dolorem perspiciatis. Minus est officia dolorem eaque odit mollitia architecto iste. Saepe reprehenderit sed est neque. Aut enim tempore modi. Rem assumenda molestiae voluptas sequi in unde quaerat. Error molestias et eius ab ipsam quos dolor. Perferendis praesentium vel error omnis placeat. Dolorem aut consequatur occaecati fuga eius molestiae. Non inventore ut nam rerum doloremque. Explicabo aut voluptatibus blanditiis soluta. At laboriosam velit rem ad incidunt dolor. Quia cum dolor laborum facere aliquam saepe blanditiis. Atque eligendi corporis odit reprehenderit rem eos et. Possimus facere facere nemo aut perferendis molestias. Vel ea sit ad debitis dolor est. Sit vel consequatur autem. Animi qui ipsam quae iste sunt provident. Minima earum amet adipisci doloribus odio et.','Est adipisci quia soluta et.','Aut voluptatum sunt ut quia ullam. Ullam maiores officia et est perspiciatis neque rerum. Voluptas dignissimos enim aspernatur et quasi accusamus saepe. Ipsam reprehenderit ut dignissimos numquam. Ratione molestias expedita ullam eos aperiam. Deserunt voluptas similique qui rerum. Repudiandae beatae qui quisquam tempora eos enim iure. Ut voluptas sed distinctio hic commodi. Iure quia reprehenderit est consequatur voluptatem dolorum. Illo dolor voluptatum id libero magni. Earum voluptatem id amet dolor eveniet qui nam. Fugiat provident ipsa excepturi. Ipsa consectetur modi sed. Accusamus voluptatibus totam dolorum sit quisquam vero cumque voluptatem. Porro et laudantium quaerat aliquid illum assumenda iure. Eos soluta perspiciatis sed. Omnis sit quis placeat aut. Porro repellendus unde aliquid quidem et eius minima. Voluptatem et vitae quia a et quod. Est aut fugit nulla ut voluptatem adipisci rerum. Reiciendis quisquam enim voluptas aut accusamus ut. Aut nihil earum eos aliquam autem. Aut rerum velit blanditiis minima. Id id rem eos dolor facere est et autem. Incidunt recusandae delectus est aut. Non minima et facere harum ut. Officia et mollitia repellendus veritatis cum. Distinctio molestias et nemo quaerat mollitia corrupti sunt. Blanditiis itaque laborum ullam et consequatur. Voluptatibus est soluta enim non quaerat. Praesentium ut ullam non a veniam perspiciatis. Incidunt odit rerum vitae rem incidunt nihil. Illo facilis iusto eius voluptas. Magni et aliquam qui. Corporis praesentium dolorem dolor magni sit sit. Officiis non dicta inventore et molestiae aspernatur. Cumque eveniet exercitationem quasi vel eveniet deleniti reiciendis. Debitis perferendis sed praesentium dignissimos.',32,'2022-08-06 21:55:46','2022-08-06 21:55:46',2),(19,'Amet accusantium inventore reiciendis.','Maiores doloremque commodi numquam natus. Quia doloribus sunt laudantium nihil dolore. Sequi nam quibusdam itaque quos consequatur minima reprehenderit. Cumque nemo quibusdam assumenda sequi nihil non quam dicta. Voluptatem dicta doloribus enim soluta quisquam ea et. Eius iusto quasi et eum provident neque. Facilis velit a nam ipsam explicabo. Totam nihil voluptatem debitis tempore veritatis assumenda. Omnis ipsam quia aliquid velit sunt nihil architecto qui. Possimus est corporis earum. Ad tenetur similique laborum ut dolor. Cum et pariatur ex placeat aliquam nam vero velit. Sit earum labore excepturi veritatis. Totam culpa officiis suscipit doloremque enim sit. Perspiciatis voluptas ut sit alias harum. Laborum est repellendus quisquam in. Et deleniti sit ab aut. Aut ut nulla at nam natus ab. Neque ut eveniet nihil qui. Autem non eveniet mollitia alias provident tempora. Atque maiores quod dolorem ea ratione est nisi. Aspernatur unde porro possimus molestiae voluptas enim aliquid laborum. Non alias placeat tempora porro. Ipsum neque consequatur excepturi sit ut culpa excepturi. Fuga adipisci et vel adipisci itaque et. Quod excepturi qui dicta architecto aut. Nemo eos odio nemo. Non et libero consequatur tenetur. Quae officiis deserunt dolore nobis minus illo. Qui deserunt fuga voluptatem cupiditate ratione. Aut eos aut voluptate in maiores sint.','Quo voluptatum soluta excepturi molestias sapiente facilis dolores.','Sapiente pariatur maxime voluptatem nostrum. In sint quo deserunt corporis non. Laboriosam vitae incidunt natus corporis laborum. Ut aut nesciunt incidunt dolore omnis repellat. Recusandae nisi sed excepturi quia dolore. Dolores nesciunt minus sit ipsam est. Dolor nemo vel aut aut. Quo consequatur a magni et neque dolorem repellat. Vero officia dolore cupiditate praesentium et qui amet. Reprehenderit perferendis dicta excepturi omnis doloremque aspernatur voluptate enim. Aut corporis quas eos adipisci vitae suscipit. Rem aut nihil assumenda adipisci soluta occaecati. Nemo minima consequatur soluta accusamus dolorem enim consequuntur. Ipsum sed voluptas qui. Sit et quae rerum illum fuga eum impedit. Repudiandae sunt officia ratione illo voluptatibus ipsa. Repellat ipsum non quia blanditiis aut. Et voluptatum illum nemo qui velit exercitationem dolores. Ab rerum explicabo inventore perferendis et. Est eaque quia cum. Ratione doloribus enim perferendis dolorem voluptatem. Autem natus unde quo explicabo et. Asperiores pariatur fugiat perspiciatis eveniet at quia. Dicta sit amet velit esse aut in. Enim sint excepturi ut porro et sed. Et facilis eaque aut excepturi. Est temporibus rerum itaque necessitatibus ipsam. Doloremque voluptatem illo quis delectus enim. Optio in eos adipisci voluptatum reprehenderit eligendi. Libero velit magnam esse nisi asperiores quod quo. Ducimus omnis dolore in explicabo sed. Officia molestiae earum et est omnis ipsam. Ea molestiae labore eveniet eius soluta voluptatibus est. Consequatur laudantium est quo et quia quisquam maxime voluptates. Cumque fugit est qui praesentium ut modi ut. Facere et quaerat illo. Sunt quam ratione cupiditate non id quis. Earum cum labore consequatur libero.',28,'2022-08-06 21:55:46','2022-08-06 21:55:46',2),(20,'Sit sit deleniti nihil praesentium magnam sapiente explicabo totam.','Incidunt quidem quasi rerum id molestiae quasi. Non quas assumenda aliquid et. Aliquid in quidem cupiditate ipsum. Dolores repellendus nobis nisi omnis minus quia. Aut ratione ipsa recusandae mollitia consequatur placeat consequatur. Nihil ex corporis earum dolorem. Ea non mollitia sunt tempora ratione rerum. Animi cupiditate odio quia adipisci cumque quis animi. Nemo et quaerat maxime quo nesciunt vero officiis nam. Omnis dolorem veritatis nostrum repellendus. Consequatur similique non ipsum ut. Necessitatibus modi ex earum. Sed cum qui est earum esse esse. Quibusdam aliquam error molestias quia. Rerum quos voluptatem quae repudiandae in sit qui sit. Laboriosam accusamus harum quibusdam suscipit delectus. Architecto quas quisquam iure ratione veritatis eius omnis. Occaecati consequatur rem unde aperiam labore recusandae optio. Corrupti omnis sint ea eos. Ea maxime minima sit quo.','Dicta eius dicta quis dolores.','Rerum ut blanditiis deserunt amet corporis enim ut. Repellendus mollitia qui placeat et et et. Et quisquam commodi eligendi ullam suscipit modi. Molestias explicabo repudiandae sapiente nobis consectetur tenetur. Velit voluptatum molestiae eligendi rerum. Quaerat iste facilis voluptatum animi. Libero consequatur ea aut possimus necessitatibus. Deleniti aspernatur et sunt accusamus ut. Quam qui corporis recusandae illum modi nihil. Ut modi est aut quos quaerat odit magnam exercitationem. Non sit qui esse et sed. A veritatis est non eum pariatur voluptates. Neque sit quaerat dicta quo. Aut labore quis iste aut laborum esse quos. Autem saepe possimus consectetur dicta ullam est. Optio repudiandae alias officiis. Delectus quidem voluptatem reiciendis repellendus suscipit sapiente sit. Qui vel saepe rerum a debitis distinctio. Dolorem quisquam nostrum quis esse debitis consequatur. Quae culpa nulla atque eum nostrum. Aspernatur sed vitae et rerum. Ut beatae a corporis quasi commodi. Et quas ea illo atque iure.',25,'2022-08-06 21:55:46','2022-08-06 21:55:46',2),(21,'Eos molestias officia architecto necessitatibus quia.','Aut veritatis officia explicabo fugit. Magni est ut vitae id. Qui perspiciatis aut consequatur officia aut officiis quidem. Pariatur quia quae quas consequatur autem temporibus repellat. Nostrum accusamus cum earum et eveniet molestiae explicabo. Maxime a atque modi nihil placeat. Odit similique non alias veniam beatae enim dicta. Qui dicta autem quasi voluptatum commodi distinctio sint. Rerum architecto corrupti consequatur optio sed laboriosam eum veritatis. Hic est id neque voluptates. Voluptas est provident assumenda aspernatur aspernatur est assumenda. Esse expedita molestias deserunt eos. Et rerum necessitatibus non delectus eveniet. Sed voluptatibus illum consequatur aut. Asperiores est ut dolore praesentium quos. Quo quis ducimus atque pariatur temporibus aut. Quisquam dolorum distinctio perspiciatis amet est. Non illum non et non. Accusamus sint magnam eum aliquid maiores neque. Et ut quia omnis. Nobis eum asperiores et in est voluptatem libero. Sed beatae voluptas minima provident non voluptas. Non impedit omnis et ipsa sint nostrum. Voluptas sint deserunt sit est. At et voluptatem laborum earum incidunt. Ipsa labore iusto adipisci occaecati eveniet placeat ut.','Quasi voluptatem explicabo quia animi voluptatem earum.','Veritatis dicta fuga aut sed. Ex fuga perspiciatis voluptatem pariatur doloribus ipsa. Enim nisi id quod consequatur sunt sit. Sed natus vel unde natus nulla. Mollitia dolorum iste animi ut id voluptatem. Quidem asperiores aspernatur fugit. Repudiandae est voluptates velit commodi. Expedita accusantium libero autem. Dolor beatae quae quas eos. Culpa eos tempore est. Voluptatum aperiam libero itaque odit quod. Nisi culpa modi sint ipsam velit consequatur. Voluptas voluptate eos dolores. Nemo sed officiis molestiae quasi voluptate in. Repudiandae debitis vero corrupti vel exercitationem. Accusamus est sed aut voluptates. Ut excepturi beatae iure similique officiis veritatis labore. Vero omnis illum ut placeat ab. Quis est dolorum labore modi sunt. Sunt at quo sapiente pariatur officia doloremque. Numquam accusantium et suscipit adipisci quis ut rerum. Earum illum doloremque earum et ex totam. Animi cupiditate quaerat quia ut et ut esse dolorem. Recusandae quia in repellat. Voluptate atque aut cupiditate aut unde corporis. Molestias molestiae ut quasi quia qui. Impedit dolor recusandae saepe magnam. Illo pariatur quasi aut. Tenetur ea occaecati quo consequatur id veniam repellendus. Porro ut libero sit sapiente beatae deleniti. Voluptas nostrum ipsa sunt quo excepturi. Eius saepe est reprehenderit tempore quisquam sunt. Aliquam hic blanditiis unde eum deleniti vitae. Facilis est suscipit pariatur magnam pariatur. Quod repellendus voluptatem perferendis et provident. Adipisci nisi saepe quos dolores necessitatibus autem esse est. Ipsum provident cumque in minima dicta qui. Modi nihil fugit in minus ullam autem architecto laboriosam.',74,'2022-08-06 21:55:46','2022-08-06 21:55:46',2),(22,'Sapiente nihil quas laborum dolorem quaerat asperiores nemo.','Earum enim sed ducimus veniam aut et. Ipsum et ut est dolor. Qui voluptatum ipsa soluta nisi fugiat consectetur. Voluptas cum excepturi et. Excepturi laboriosam deleniti consequatur eos quas voluptate et voluptatem. Voluptas delectus nisi quis qui modi molestiae nihil molestias. Sed est quo repudiandae dolorem quaerat eveniet ea. Tempora ut dignissimos porro. Omnis a eos a in sunt quos. Laudantium enim voluptate consequatur ea non nemo vitae. Ut autem quo natus saepe omnis quis. Eos quasi eum consequatur iusto. Blanditiis laborum non porro non dolor rerum consequatur voluptatem. Praesentium qui eaque aut eum. Voluptatum at voluptate non debitis. Nemo adipisci est voluptatibus. Commodi rerum delectus aliquam et. Incidunt reprehenderit quisquam totam officia dolores. Et laudantium et sint officia earum omnis error laboriosam. Aut praesentium qui non adipisci. Assumenda fuga rerum autem cum totam. Omnis sit voluptas molestiae voluptas in beatae voluptatem. Nisi eius minus alias quae. Odit tempora suscipit optio voluptas id non atque vel. Quisquam qui libero ut praesentium.','Quos voluptatem vitae sequi rerum praesentium qui nihil.','Suscipit cumque omnis maxime numquam ipsum earum. Deserunt facere consequatur odio ullam ratione dolorem. Enim perferendis necessitatibus asperiores consequatur aut et pariatur. Voluptatibus delectus qui ea voluptates. Quis excepturi optio nam ex impedit dignissimos. Laudantium repudiandae sit praesentium amet architecto non. Aliquam eum reiciendis minus dolorem. Ad rerum sit recusandae quod. Ut modi delectus ducimus et ea fugiat placeat aliquam. Dolores in ipsam rerum ut. Nesciunt sed autem cupiditate labore quis et. Eum possimus dignissimos nesciunt numquam. Odit ut qui quo atque modi expedita non. In voluptates illum quae quisquam id. Autem voluptatum quaerat incidunt sint quos rerum qui. Voluptas doloribus enim rem. Ex voluptatem et laborum debitis. Voluptatem architecto minus nostrum ex nam laborum optio. Autem officia perspiciatis vel in impedit ut facere. Architecto eum occaecati quia iure repudiandae. Nisi dolores expedita nostrum totam. Dolor architecto ut libero numquam neque quibusdam. Minima quod et ducimus quia. Ut rerum aut ea magnam nobis quo. Corporis eum eos inventore qui voluptatem reprehenderit. Sed ad voluptatem quia enim tempora illum. Placeat ut harum officia vitae blanditiis dolor officiis. Quia explicabo magnam et voluptatum qui ab aut. Provident odit odio iusto repellat quae voluptatum. Dolorum illum odit dolore omnis. Voluptatem eius est quia architecto at deserunt ut tenetur. Qui in dolore porro officiis et voluptatum animi. Voluptatem ad ratione et non accusamus neque magnam.',65,'2022-08-06 21:55:46','2022-08-06 21:55:46',1),(23,'Possimus qui fugit earum aut voluptatem at officiis.','Facilis quia modi iure eligendi reprehenderit. Non fugit magnam tempore quia aut. Nulla autem ut eos. Corrupti nihil suscipit illo corporis temporibus vero. Possimus quae minus hic eos libero et. Sapiente molestiae reprehenderit suscipit aliquam. Optio est et minus voluptate aliquid quo. Similique voluptate quia voluptas atque. Expedita ducimus placeat corrupti a perspiciatis placeat. Ratione adipisci eum placeat eligendi blanditiis aut eos provident. Praesentium atque perferendis nemo ea fugiat rerum cum porro. Unde minus perspiciatis eius eveniet voluptas perspiciatis quibusdam. Voluptate ad dolorum mollitia. Ut a quo aut facere odit ut quos. Et mollitia odit error sunt est. Rerum hic molestiae praesentium soluta sint eos necessitatibus voluptas. Et sint quisquam non harum non nobis. Sint dolore sequi sint. Et autem ipsum aliquid inventore ratione doloremque. Sapiente incidunt iusto provident iure soluta soluta. Quas qui nostrum nam pariatur veniam et ipsa. Voluptatem vero ducimus tempore ea illum nihil laudantium nobis. Iusto est autem ipsa eum commodi.','Incidunt ullam fugiat sit.','Omnis esse est sequi blanditiis ut ut non. Rerum et enim est eligendi doloremque nisi eius. Ex ratione ea optio ex officia consectetur et. Earum id sunt deserunt id eum ut ipsam illum. Velit sint repellat repudiandae assumenda odio accusamus. Eum molestiae aut quaerat saepe et odit aspernatur. Illo neque at voluptas ut quia. Alias nesciunt rem optio vitae error. Deserunt sed neque fugit quis incidunt impedit. Et laudantium quam hic ut fuga est voluptatem. Qui doloribus iusto ullam. Similique quaerat quibusdam totam voluptas. Nam maxime sequi sit quos asperiores reiciendis consequatur ex. Non hic sit totam consequatur. Placeat distinctio excepturi quis. Minima totam deleniti voluptatem exercitationem autem. Et sunt numquam ratione at in. Eius asperiores est corrupti aut. Voluptatibus dignissimos quibusdam recusandae ipsam voluptatem omnis. Eos ut quo harum aspernatur. Beatae quia veniam aut esse. Occaecati magnam voluptatem eligendi velit. Quo eum sit in doloribus voluptate dolore. Odio possimus nostrum aspernatur. Vero mollitia quae eius ullam illo. Facere non sunt aut placeat fugit aperiam. Voluptatum voluptas quidem qui aut recusandae. Vitae expedita facere magnam architecto et. Modi est sint optio ab in quidem autem velit. Ipsam repellendus ea molestiae sint officiis ea non. Soluta tempore inventore molestiae perferendis ad molestias sunt. Adipisci quis voluptas quo eius et maiores ut laudantium. Impedit corporis consequatur eaque. Fuga suscipit quos dolor quia. Et aut et qui ex vel harum et. Quia voluptatibus quasi voluptatem. Asperiores vero odio cupiditate hic. Aut maiores voluptates saepe repellendus iusto ut earum. Provident saepe exercitationem aliquam minus incidunt et. Rerum nostrum ut illum adipisci sit qui et. A sit autem quo blanditiis perspiciatis autem nostrum quo.',12,'2022-08-06 21:55:46','2022-08-06 21:55:46',1),(24,'Porro qui reiciendis voluptas ipsum labore omnis facilis.','Maiores harum aut voluptatem voluptatem totam corporis aspernatur rem. Nihil dolor harum incidunt autem placeat. Soluta esse voluptatibus non et cupiditate. Rerum qui voluptates voluptatem unde necessitatibus. Nisi dolor omnis necessitatibus. Autem magnam beatae autem facere in. Natus quos labore minus. Odio nisi et nisi et. Odio non nostrum ut consequuntur totam dolores. Provident consequatur qui quia debitis alias. Asperiores est asperiores rerum quis. Perferendis est consequatur consequatur animi. Ut suscipit mollitia quod qui. Aut et cumque velit nam. Eos tenetur occaecati laborum itaque. Laborum rerum ad rerum vero minima soluta totam. Nemo aut omnis et aliquam culpa. Adipisci molestias quis qui placeat delectus soluta rem. Ipsum vitae magni nemo. Ut dolores eveniet mollitia quidem labore quis. Est recusandae quidem modi numquam quibusdam. Ad omnis ut eos ducimus id.','Earum quidem ab sit voluptate tempore iure voluptas.','Commodi et vel odio illo et ipsam explicabo. Voluptate eos dolorum nostrum est vel quaerat. Non minima quae est natus assumenda aliquid voluptatem. Qui consequuntur dolorem animi laborum rerum. Aut reiciendis enim quo eligendi sit quia. Assumenda sint porro dolores mollitia nobis aliquid. Voluptatibus incidunt natus corrupti vel dignissimos cupiditate quae. Laborum vel sapiente cupiditate. Voluptatum dolor ut omnis laborum. Voluptatibus sunt officia incidunt. Et sequi animi ut dicta velit qui illum. Totam blanditiis maiores aliquam esse nemo. Eligendi inventore sit omnis est sed omnis dignissimos. Autem tempore cupiditate aliquid. Dolorum adipisci consequatur adipisci enim. Ut enim molestiae dicta non laudantium sint. Sit cupiditate necessitatibus facere et rerum qui sint. Necessitatibus in deleniti aliquid voluptates nulla vitae. Doloremque tenetur nobis expedita dolor sit. Vero rem rerum doloremque omnis. Nihil repellendus voluptates qui quidem. Facilis odio magni itaque magni. Occaecati aut aut reprehenderit sit fugit vel. Provident est eius eveniet rerum. Corporis qui libero deleniti aut voluptatem est non. Iure dolore illo aliquam explicabo esse eos nulla. Quos rerum qui dolorum maiores suscipit quia. Sed quas consectetur odit molestias quod dolor consectetur delectus. Magnam laborum voluptatibus nam ipsum autem.',77,'2022-08-06 21:55:46','2022-08-06 21:55:46',2),(26,'Earum est aut in aut et sit facere.','Dolores maiores dolores ut nesciunt sint ducimus non. Eius quam accusantium quasi et ducimus praesentium praesentium. Dolorum et adipisci aliquid sequi vero et. Culpa accusamus culpa at soluta. Id harum dolorem blanditiis sit ab. Vel vel et eaque consequatur aut doloremque. Enim est molestiae non atque. Esse et eum placeat omnis voluptas. Alias quo doloremque doloribus ab optio sapiente. Occaecati enim provident doloribus illo hic. Quam nemo perspiciatis consequatur enim vel. Consequatur maxime error sapiente ullam. Aliquam qui nobis voluptatem autem temporibus quas. Soluta officiis et asperiores et laboriosam. Sed eligendi in similique incidunt. Velit quam adipisci voluptatem corporis quae distinctio. Amet repellendus dolor ipsam fuga. Placeat doloribus molestiae alias et quo quis. Cupiditate nostrum sequi aut assumenda magni inventore.','Exercitationem ratione et libero voluptatum cupiditate nesciunt.','Ad assumenda aut excepturi fugit. Doloremque ratione veniam voluptatem distinctio fugiat voluptate repudiandae. Unde asperiores nihil eligendi dolorum. Consequuntur tenetur sit quaerat dolorem et. Expedita ad ratione adipisci dolorum libero ut placeat. Aut ut ut facere placeat illum. Voluptatem maxime qui est minima debitis. Eligendi eum quam dolor omnis dolores. Est voluptas aut sit sed dolores a. Voluptas ut voluptatibus eaque non ex est repudiandae. Reiciendis rem quas nihil sequi nemo eos. Voluptate possimus nihil eos repellendus voluptates vel. Exercitationem sit odit qui. Enim excepturi modi et enim error. Aperiam illo sint tempore temporibus mollitia aut. Omnis molestiae corrupti ipsum vel voluptas voluptates. Enim possimus rem et adipisci. Incidunt at dolores sed in odio. Voluptas placeat cum voluptatum impedit magni corporis repellendus. Nostrum et assumenda iusto nostrum sint. Quisquam consequatur sed odit aliquid. Voluptatem perferendis omnis molestias omnis error. Fuga a ea veritatis cumque. Quasi dicta iure aliquid et quidem. Alias vitae eveniet neque eius. Suscipit molestiae et optio architecto praesentium. Et et eveniet quae dolor sed at earum. Nobis et architecto dolore expedita. Sed blanditiis accusantium perspiciatis sed voluptas voluptates rerum. Illo rerum officiis blanditiis incidunt. Sint ut asperiores sed repellendus. Laborum architecto ratione quia aperiam voluptatem. Aut harum repellat ut et. Sed voluptate eligendi inventore ut consectetur repudiandae. Cumque velit veritatis architecto aut nostrum cumque.',20,'2022-08-06 21:55:46','2022-08-06 21:55:46',2),(27,'Dolorum ut rem soluta facere.','Qui iure vero aut et adipisci. Et officiis dicta omnis culpa. Dolor voluptate officiis nihil consectetur numquam ut fugiat occaecati. Quia accusamus eum voluptas assumenda numquam delectus aperiam. Excepturi laudantium assumenda possimus voluptatibus et sunt dicta. Sunt non necessitatibus nulla ad. Aut consequatur assumenda dolore sint rerum accusamus. Facilis officia et aspernatur eum. Quae velit est enim ullam sapiente ut animi. Unde dolorem quia sed omnis dolores temporibus. Ad et ipsam saepe aperiam. Est eos eos asperiores fugiat suscipit. Minima commodi adipisci molestiae consectetur. Necessitatibus fuga ipsum illum asperiores tenetur non a. Nobis quia atque sed fugit deleniti. Magnam provident et voluptas ut porro. Quia at deserunt quos velit beatae. Qui veniam non cupiditate ipsam ut quo et. Corporis non dolores quos nemo odit. Eveniet cumque temporibus in saepe. Alias ut perferendis asperiores. Quas molestiae ullam et. Quia eum dignissimos vero et amet cupiditate dignissimos sequi. Provident molestiae eaque enim. Atque adipisci ipsum ab perferendis cum. Dolor voluptatem harum sed sed sit. Velit ea est quam et culpa. A consectetur praesentium maxime itaque dolores explicabo et. Odio sed ea ut qui accusamus quo placeat. Deleniti odit dolor blanditiis similique minima assumenda. Asperiores vero repellendus eos voluptatum amet cumque. Sequi corporis ducimus numquam sunt laboriosam omnis. Expedita occaecati ab cumque eum repudiandae. Voluptatum veniam rerum doloremque saepe. Deleniti unde rerum consequuntur voluptatum fuga. Sunt itaque qui et ut accusamus aut. Incidunt velit possimus blanditiis cumque enim. Est inventore explicabo aut nihil soluta quod voluptas. Corporis laboriosam sit voluptas saepe ullam facilis.','Et sint et ex et fugit ea voluptatem est.','Hic iste minima tempora non quia eos neque nobis. Dignissimos eius quisquam magnam similique temporibus. Consectetur enim voluptates consequatur itaque ut occaecati. Et eos vero ea blanditiis voluptates. Et labore voluptate eum natus occaecati cum alias. Similique illo dolorum voluptate a dolorem consequatur. Cupiditate quam ratione non hic animi. Voluptatem inventore neque repellat et quis quia. Dicta sed debitis porro et excepturi. Velit ipsa qui assumenda. Voluptas perspiciatis dolores nostrum illo in. Excepturi laudantium ut nesciunt. Ut blanditiis ipsam quod vero ea error facilis. Ut magni magnam modi repudiandae temporibus. Perferendis qui quod id qui. Mollitia eum sit saepe doloremque voluptatem porro ratione. Provident ipsum quas dolorem aut. Ea molestiae velit ex id est molestiae perspiciatis. Excepturi dolorem voluptatem et id voluptas. Eveniet et omnis aperiam sed sit eligendi. Accusamus voluptatibus qui harum natus non ipsa cupiditate. Dolores corrupti delectus voluptas laborum a. Ipsam nobis nam veniam. Sed eius molestiae eos itaque. Et labore est consequatur molestiae et maxime harum quasi. Atque omnis inventore dolorem mollitia modi a.',52,'2022-08-06 21:55:46','2022-08-06 21:55:46',2),(28,'Omnis ducimus fugit laudantium non esse eos.','Ut quis voluptatem deserunt expedita rerum odit. Sed porro dolores voluptate est rerum nam. Ad temporibus similique nam saepe temporibus amet. Vero quisquam vel optio voluptate id. Cumque iure corrupti velit rem suscipit id quia. Incidunt illo et temporibus aperiam autem. Tempora eum tenetur eum officiis ut. Ad modi eos placeat eos nostrum sed quos. Ut quos dolor deserunt sit inventore. Assumenda aut voluptatibus architecto omnis corporis. Tempore quidem qui reiciendis qui laudantium ut. Necessitatibus ut dolore laboriosam eum possimus fuga qui. Sunt quisquam aut nihil accusamus placeat. Necessitatibus delectus reprehenderit autem. Quam commodi tempore quibusdam. Qui molestias quisquam error porro est officia. Omnis tempore cumque fuga inventore. Repellendus culpa accusamus exercitationem et. Eligendi commodi atque consequatur harum.','Ducimus minus quam qui ex.','Sint excepturi corporis est occaecati. Eius consequatur in omnis ex nihil eveniet ullam pariatur. Fugiat occaecati et reprehenderit. Tempora deleniti exercitationem ipsa voluptas. Cumque molestiae necessitatibus minus tempora eaque maiores ratione et. Quasi est alias est quis quis doloribus beatae veritatis. Et minus similique enim eum laudantium quos impedit aliquam. Eveniet a voluptates cupiditate odit accusantium omnis. Aut eius qui cum quo fugit repellendus voluptatem. Rem natus totam omnis officiis. Possimus ut quod quisquam. Quibusdam voluptatem provident non et mollitia consequuntur neque. Blanditiis dolorum alias reiciendis in quia. Maiores fugit modi aut beatae veritatis fuga quis. Neque laboriosam recusandae inventore quis. Saepe sit cum harum pariatur quaerat. Blanditiis maxime atque molestiae accusantium. Facilis aut occaecati dolor ut eveniet. Perspiciatis quia ratione et natus eos cumque deleniti. Quia pariatur enim eum ratione. Aut eum in assumenda id et delectus est. Cumque autem voluptatem nostrum natus. Quia quis modi libero amet sed voluptas tempore nulla. Sint unde dolores dolores iure dolor. Soluta et assumenda voluptas et dolore nemo. Temporibus a reprehenderit aut voluptate quae voluptatem. Numquam et neque ipsam atque. Autem autem sint omnis laborum. Ut quos ut voluptate. Aliquid eos est a vero. Nulla ut pariatur dolorem quas veniam possimus. Minima ipsam expedita excepturi aspernatur possimus molestias. Ut facere ad voluptatem soluta incidunt. Laboriosam error maiores nostrum id veritatis quod omnis. Voluptates atque ratione ipsa deserunt. Est sed sit incidunt officia. Voluptatem quo assumenda et quibusdam saepe. Iure aut porro et possimus praesentium et nam quia. Cumque voluptate accusantium sint labore unde neque. Odit quisquam ratione dolorem voluptate laborum placeat. Deleniti et quis consectetur quas voluptatum.',19,'2022-08-06 21:55:46','2022-08-06 21:55:46',1),(29,'Id nihil possimus quibusdam in itaque et corporis.','Omnis saepe omnis ut ad fuga voluptas. Temporibus dolor velit magnam facere consectetur. Veniam repudiandae enim harum tenetur qui esse dolores. Qui odit corrupti quod. Aut aut esse rerum consequatur. Quia praesentium maxime aliquid voluptatum dolore quis voluptatem et. Nisi ut quia voluptatem. Et et velit saepe ex iusto iure deserunt. Facere dolorem eveniet earum dolor ea. Beatae et exercitationem et consectetur iusto est. Enim blanditiis quaerat iure. Id ut et aliquam velit esse perspiciatis. Velit doloribus aut consequatur. Voluptatibus velit cum recusandae eum ab. Sunt non tempora similique tempore dolor doloremque corporis iusto. Non dolorem excepturi nostrum. Rerum itaque dolorem aut. Itaque sed dolores modi quia facilis corporis corporis. Repellat nisi illo est ducimus hic optio. Ab sit repellendus quis soluta. Qui aut repellendus voluptatem sit illum labore aut. Dolorum saepe aperiam fugiat doloribus beatae. Non sed et tempora sunt sed dolorem. A accusantium magnam magnam ea dolores. Velit sed consequuntur reiciendis error molestias optio. Ut unde blanditiis ab autem. Deleniti nihil magni possimus fuga voluptate et ut.','Id tenetur provident voluptatem.','Voluptatem assumenda quod ex est rerum ipsam. Corrupti explicabo ex ut quod adipisci optio. Perspiciatis veritatis neque optio totam. Modi inventore cupiditate id optio quod enim quia. Enim earum iure perspiciatis et tempore illum asperiores. Tempore et iusto dolores quia nemo veritatis. Repellendus veniam tenetur quo voluptates nam corporis. Ducimus repellendus veniam ut id eum. Libero sunt voluptas quibusdam vitae expedita. Reprehenderit inventore nihil numquam delectus dignissimos. Corrupti nobis dolor facilis in laboriosam porro officiis. Laborum sed perspiciatis non. Harum facere sit vel dolorem laboriosam. Soluta nihil unde similique. Qui fuga omnis soluta quod qui et suscipit non. Veniam soluta deleniti atque vero magni cumque harum saepe. Qui voluptas velit consequatur accusantium autem nulla. Suscipit sed odio qui id. In est et odio aut accusantium laborum. Enim provident qui eaque eaque sit quas. Ut illum exercitationem delectus odio.',3,'2022-08-06 21:55:46','2022-08-06 21:55:46',1),(30,'Doloribus autem minima ea.','Rerum et est nostrum quam nihil. Molestiae temporibus libero et sequi velit. Nemo quis aut quae magni sit ut ea. Et molestiae placeat sed temporibus molestiae cupiditate officiis. Occaecati nisi voluptate nostrum dolorem enim. Possimus error exercitationem ab sint quis aut. Magni vitae quia praesentium quas aut impedit. Inventore ullam quae facilis officia sunt. Voluptatem quia quisquam est voluptas. Necessitatibus molestiae iusto ratione et voluptatem recusandae. Hic cum magnam repellat rem et possimus blanditiis aut. Quia cum iusto blanditiis eos qui fuga. Qui veritatis est odit maiores. Officiis dolorum repellat quam error amet. Atque quibusdam et iusto at ut aut. Eveniet distinctio et qui dolor reprehenderit sequi. Quidem voluptatum ea tempora fuga expedita. Unde eos explicabo quos magni tempore praesentium fuga. Illo cum voluptatem praesentium quae maiores soluta. Asperiores quia debitis natus eum aut.','Eligendi itaque et alias quisquam non aliquam rem aliquam.','Deleniti amet quidem minus laborum. Saepe qui eos animi quia numquam odio et. Placeat sunt alias nihil ut. Maiores quia impedit adipisci facilis vel magni impedit. Ut ipsa explicabo rerum provident ullam. Consequuntur praesentium quia illum fugit enim doloribus libero. Molestiae voluptas dolores vel reiciendis ab dolor. Quibusdam architecto eligendi magnam pariatur expedita quae et amet. Quo doloremque ab totam pariatur ea assumenda numquam. Et dolor eius itaque esse qui ipsa. Et quis eos vel eaque. Aut et molestiae architecto. Quia sed nihil explicabo aut dicta. Aperiam maiores provident accusamus porro quo sed. Omnis laborum omnis voluptatem quia provident fuga. Voluptatem dolore et suscipit animi quam dolor. Repellat aut pariatur quod est. Qui sit architecto quo voluptas omnis. Voluptatem culpa laborum quibusdam. Nam totam tenetur vel vitae vitae aut consequatur eius. Et error non aperiam ut et.',68,'2022-08-06 21:55:46','2022-08-06 21:55:46',2),(32,'dsdsd','dsdsdsdsds',NULL,NULL,101,'2022-08-09 01:09:49','2022-08-09 01:09:49',1),(33,'fasdgasdg','Gfdgdsfgsdfgsdfgdfsgdsddddd',NULL,NULL,101,'2022-08-09 01:19:51','2022-08-11 19:58:49',1),(34,'fsadfasdf','Fsfasdfdasfdsfd',NULL,NULL,101,'2022-08-09 01:22:04','2022-08-09 02:19:01',1),(38,'xxxxxx','xxxxxxxxxxxxxx',NULL,NULL,101,'2022-08-09 17:01:46','2022-08-09 17:01:46',1),(40,'fdsafdsa','fdsfsfasdfads',NULL,NULL,101,'2022-08-11 02:04:32','2022-08-11 02:04:32',1),(41,'sdfadsftest','fsfasdfdsafdsfasd',NULL,NULL,101,'2022-08-11 20:10:37','2022-08-11 20:10:37',1);
/*!40000 ALTER TABLE `blog_posts` ENABLE KEYS */;
UNLOCK TABLES;

--
-- Table structure for table `categories`
--

DROP TABLE IF EXISTS `categories`;
/*!40101 SET @saved_cs_client     = @@character_set_client */;
/*!40101 SET character_set_client = utf8 */;
CREATE TABLE `categories` (
  `id` int(11) NOT NULL AUTO_INCREMENT,
  `categorie` varchar(45) NOT NULL,
  `categorie_fr` varchar(45) DEFAULT NULL,
  PRIMARY KEY (`id`)
) ENGINE=InnoDB AUTO_INCREMENT=3 DEFAULT CHARSET=utf8;
/*!40101 SET character_set_client = @saved_cs_client */;

--
-- Dumping data for table `categories`
--

LOCK TABLES `categories` WRITE;
/*!40000 ALTER TABLE `categories` DISABLE KEYS */;
INSERT INTO `categories` VALUES (1,'English','Anglais'),(2,'French','Franais ');
/*!40000 ALTER TABLE `categories` ENABLE KEYS */;
UNLOCK TABLES;

--
-- Table structure for table `etudiants`
--

DROP TABLE IF EXISTS `etudiants`;
/*!40101 SET @saved_cs_client     = @@character_set_client */;
/*!40101 SET character_set_client = utf8 */;
CREATE TABLE `etudiants` (
  `id` bigint(20) unsigned NOT NULL AUTO_INCREMENT,
  `adress` varchar(255) COLLATE utf8mb4_unicode_ci NOT NULL,
  `phone` varchar(255) COLLATE utf8mb4_unicode_ci NOT NULL,
  `birthdate` date NOT NULL,
  `userId` bigint(20) unsigned NOT NULL,
  `villeId` bigint(20) unsigned NOT NULL,
  `created_at` timestamp NULL DEFAULT NULL,
  `updated_at` timestamp NULL DEFAULT NULL,
  PRIMARY KEY (`id`),
  UNIQUE KEY `etudiants_phone_unique` (`phone`),
  UNIQUE KEY `etudiants_userid_unique` (`userId`),
  KEY `etudiants_villeid_foreign` (`villeId`),
  CONSTRAINT `etudiants_userid_foreign` FOREIGN KEY (`userId`) REFERENCES `users` (`id`),
  CONSTRAINT `etudiants_villeid_foreign` FOREIGN KEY (`villeId`) REFERENCES `villes` (`id`)
) ENGINE=InnoDB AUTO_INCREMENT=112 DEFAULT CHARSET=utf8mb4 COLLATE=utf8mb4_unicode_ci;
/*!40101 SET character_set_client = @saved_cs_client */;

--
-- Dumping data for table `etudiants`
--

LOCK TABLES `etudiants` WRITE;
/*!40000 ALTER TABLE `etudiants` DISABLE KEYS */;
INSERT INTO `etudiants` VALUES (1,'602 Isabel Stream','760.956.0227','1997-10-25',59,5,'2022-08-03 03:37:30','2022-08-03 03:37:30'),(2,'18756 Dickens Summit','906-536-9826','2002-08-21',80,9,'2022-08-03 03:37:30','2022-08-03 03:37:30'),(3,'679 Shaniya Trail','979.226.8514','1999-06-30',94,6,'2022-08-03 03:37:30','2022-08-03 03:37:30'),(4,'954 Lehner Trail Suite 825','+13802196793','1977-10-22',17,5,'2022-08-03 03:37:30','2022-08-03 03:37:30'),(5,'52229 Dahlia Summit Suite 811','484.905.0659','1985-01-21',48,5,'2022-08-03 03:37:30','2022-08-03 03:37:30'),(6,'2048 Jody Hill','+1.734.700.2632','1970-03-09',15,8,'2022-08-03 03:37:30','2022-08-03 03:37:30'),(7,'301 Sporer Walk','1-458-438-1495','1994-06-14',92,7,'2022-08-03 03:37:30','2022-08-03 03:37:30'),(8,'58067 Connelly Mount','(650) 379-5154','1993-03-02',62,3,'2022-08-03 03:37:30','2022-08-03 03:37:30'),(9,'437 Terrell Stravenue','+15399276316','1975-01-22',40,13,'2022-08-03 03:37:30','2022-08-03 03:37:30'),(10,'7449 Herzog Points','+18502324436','1998-03-12',23,10,'2022-08-03 03:37:30','2022-08-03 03:37:30'),(11,'29464 Fiona Extensions','276.894.3811','1997-10-09',50,2,'2022-08-03 03:37:30','2022-08-03 03:37:30'),(12,'32699 Hahn Harbors Suite 817','(832) 561-7854','1976-08-19',41,1,'2022-08-03 03:37:30','2022-08-03 03:37:30'),(13,'173 Allene Groves','+1.805.718.4498','1970-05-16',64,4,'2022-08-03 03:37:30','2022-08-03 03:37:30'),(14,'217 Andrew Spur Apt. 215','678.387.2265','1973-08-17',7,5,'2022-08-03 03:37:30','2022-08-03 03:37:30'),(15,'41625 Wiza Pike','(973) 936-7222','2003-11-25',65,8,'2022-08-03 03:37:30','2022-08-03 03:37:30'),(16,'230 Keira Ramp Apt. 666','+19493139207','1996-12-12',55,14,'2022-08-03 03:37:30','2022-08-03 03:37:30'),(17,'1865 Conn Drives Apt. 393','586-300-7816','2000-09-02',90,14,'2022-08-03 03:37:30','2022-08-03 03:37:30'),(18,'69123 Mable Haven','(229) 724-5366','1996-05-20',78,5,'2022-08-03 03:37:30','2022-08-03 03:37:30'),(19,'33693 Hoppe Dale Apt. 192','838.315.7594','1974-06-19',54,4,'2022-08-03 03:37:30','2022-08-03 03:37:30'),(20,'4430 Rolfson Prairie Apt. 719','+1.724.609.8519','1987-05-04',8,12,'2022-08-03 03:37:30','2022-08-03 03:37:30'),(21,'82297 Veda Skyway Apt. 933','1-872-583-5420','1996-03-30',20,14,'2022-08-03 03:37:30','2022-08-03 03:37:30'),(22,'3034 Keely Parkways Apt. 096','585-694-7043','1999-06-02',46,12,'2022-08-03 03:37:30','2022-08-03 03:37:30'),(23,'91425 Hermiston Drives','828-628-8396','1998-05-14',9,1,'2022-08-03 03:37:30','2022-08-03 03:37:30'),(24,'774 Bernhard Creek','+1-341-293-4955','1978-01-29',5,12,'2022-08-03 03:37:30','2022-08-03 03:37:30'),(25,'98495 Macejkovic Common Apt. 214','+1-607-848-1661','1978-03-05',74,14,'2022-08-03 03:37:30','2022-08-03 03:37:30'),(26,'298 Augustus Port','+1-703-552-9895','1970-03-06',22,2,'2022-08-03 03:37:30','2022-08-03 03:37:30'),(27,'4141 Jovanny Views','+1 (458) 823-4723','1974-04-17',89,7,'2022-08-03 03:37:30','2022-08-03 03:37:30'),(28,'9570 Alexandrine Ports','267.354.1046','2003-06-25',32,15,'2022-08-03 03:37:30','2022-08-03 03:37:30'),(29,'2271 Ima Trafficway','+1.386.619.8620','1977-11-16',100,9,'2022-08-03 03:37:30','2022-08-03 03:37:30'),(30,'37249 Lesch Pass Suite 404','+1-541-449-5912','1971-10-12',51,5,'2022-08-03 03:37:30','2022-08-03 03:37:30'),(32,'47322 Eldridge Forges','+1.774.834.0023','1975-12-13',97,8,'2022-08-03 03:37:30','2022-08-03 03:37:30'),(33,'5264 Mante Drive Suite 261','+1-458-848-3878','1978-08-14',77,7,'2022-08-03 03:37:30','2022-08-03 03:37:30'),(34,'3063 Lemke Ramp Suite 730','(478) 769-0057','1989-03-27',86,13,'2022-08-03 03:37:30','2022-08-03 03:37:30'),(35,'1129 Harley Fields Suite 639','1-240-796-2865','1977-01-16',79,7,'2022-08-03 03:37:30','2022-08-03 03:37:30'),(36,'929 Guadalupe Park Apt. 790','+1 (386) 407-8897','1993-07-06',39,7,'2022-08-03 03:37:30','2022-08-03 03:37:30'),(37,'3424 Kozey Court','458-529-6273','2003-09-16',71,12,'2022-08-03 03:37:30','2022-08-03 03:37:30'),(38,'212 Porter Wells Suite 591','+1.361.335.7478','1983-06-14',99,14,'2022-08-03 03:37:30','2022-08-03 03:37:30'),(39,'62845 Osinski Viaduct','1-352-613-1737','1988-07-09',30,7,'2022-08-03 03:37:30','2022-08-03 03:37:30'),(40,'6034 Dolly Pine Apt. 626','1-646-268-4504','1981-07-21',67,3,'2022-08-03 03:37:30','2022-08-03 03:37:30'),(41,'795 Predovic Bypass Apt. 823','1-703-912-9195','1999-11-10',2,3,'2022-08-03 03:37:30','2022-08-03 03:37:30'),(43,'8716 Eladio Keys','(913) 758-3280','1978-10-12',44,7,'2022-08-03 03:37:30','2022-08-03 03:37:30'),(44,'2256 Morar Lodge','+1.646.350.5689','1982-02-04',61,13,'2022-08-03 03:37:30','2022-08-03 03:37:30'),(45,'1336 Emerald Mews Apt. 930','539-956-0426','1999-05-07',45,2,'2022-08-03 03:37:30','2022-08-03 03:37:30'),(46,'67212 Ryan Drives Apt. 896','(240) 785-1879','1981-04-20',42,2,'2022-08-03 03:37:30','2022-08-03 03:37:30'),(47,'599 Huel Vista Apt. 504','930-661-5447','1995-03-24',93,3,'2022-08-03 03:37:30','2022-08-03 03:37:30'),(48,'6608 Kuhn Ports Apt. 748','573.453.0265','2001-04-16',57,6,'2022-08-03 03:37:30','2022-08-03 03:37:30'),(49,'895 Paucek Light','(678) 498-3648','1996-07-16',69,8,'2022-08-03 03:37:30','2022-08-03 03:37:30'),(50,'197 Rohan Underpass Suite 045','352-915-6866','1980-06-08',95,16,'2022-08-03 03:37:30','2022-08-03 03:37:30'),(51,'67820 Vandervort Mountains Apt. 928','+1.979.741.6238','1972-02-28',52,10,'2022-08-03 03:37:30','2022-08-03 03:37:30'),(52,'67657 Darian Islands','+18205043286','1983-05-30',11,11,'2022-08-03 03:37:30','2022-08-03 03:37:30'),(53,'785 Elias Center Apt. 910','845.317.7106','1993-05-03',47,2,'2022-08-03 03:37:30','2022-08-03 03:37:30'),(54,'75578 Lindgren Avenue Suite 853','1-913-415-0918','1975-03-10',18,14,'2022-08-03 03:37:30','2022-08-03 03:37:30'),(55,'618 Saul Rest Suite 577','785-627-3001','1994-07-12',63,5,'2022-08-03 03:37:30','2022-08-03 03:37:30'),(56,'21908 Dedric Fields','1-985-522-6506','1990-09-15',83,11,'2022-08-03 03:37:30','2022-08-03 03:37:30'),(57,'5903 Runolfsdottir Gardens Apt. 240','+1 (848) 219-8350','1991-02-12',10,14,'2022-08-03 03:37:30','2022-08-03 03:37:30'),(58,'36239 Esther Rue','(828) 989-9614','1989-05-19',25,2,'2022-08-03 03:37:30','2022-08-03 03:37:30'),(59,'843 Metz Neck Apt. 534','657-489-7635','1989-10-10',16,15,'2022-08-03 03:37:30','2022-08-03 03:37:30'),(61,'71693 Baumbach Viaduct Apt. 922','380-259-9676','1987-01-17',35,12,'2022-08-03 03:37:30','2022-08-03 03:37:30'),(62,'87289 Medhurst Ridge','440-328-2797','1991-07-08',33,2,'2022-08-03 03:37:30','2022-08-03 03:37:30'),(63,'611 Cremin Ferry','+15512103008','1972-10-20',38,1,'2022-08-03 03:37:30','2022-08-03 03:37:30'),(64,'97670 Jazmyn Ports','1-251-794-9826','1998-08-24',96,16,'2022-08-03 03:37:30','2022-08-03 03:37:30'),(65,'817 Schoen Springs','+1-816-853-3564','1974-07-06',56,3,'2022-08-03 03:37:30','2022-08-03 03:37:30'),(66,'4295 Cornelius Trace','1-878-921-8459','1988-09-21',68,15,'2022-08-03 03:37:30','2022-08-03 03:37:30'),(67,'366 Virginia Way Apt. 397','575.966.0273','1993-05-02',72,2,'2022-08-03 03:37:30','2022-08-03 03:37:30'),(68,'892 Lonie Estate','(351) 914-8099','1990-10-02',14,8,'2022-08-03 03:37:30','2022-08-03 03:37:30'),(69,'402 Kathleen Mountain Suite 867','+18133980608','1985-01-11',27,8,'2022-08-03 03:37:30','2022-08-03 03:37:30'),(70,'48103 Gregorio Cliff Suite 206','+18578587466','1998-08-05',36,4,'2022-08-03 03:37:30','2022-08-03 03:37:30'),(71,'62985 Schuppe Dam Apt. 692','+1.586.469.5247','2003-02-05',88,14,'2022-08-03 03:37:30','2022-08-03 03:37:30'),(72,'613 River Points Apt. 590','+1-508-224-6142','2003-01-05',26,8,'2022-08-03 03:37:30','2022-08-03 03:37:30'),(73,'59093 Destiny Causeway','(662) 300-7370','1979-01-06',75,1,'2022-08-03 03:37:30','2022-08-03 03:37:30'),(74,'911 Jose Rapid Suite 897','+1-870-248-4740','1987-11-13',19,12,'2022-08-03 03:37:30','2022-08-03 03:37:30'),(75,'72932 Abby Vista','+1 (657) 821-2129','2001-07-13',49,7,'2022-08-03 03:37:30','2022-08-03 03:37:30'),(76,'72513 Mosciski Track Apt. 687','1-863-808-5576','1975-09-28',13,7,'2022-08-03 03:37:30','2022-08-03 03:37:30'),(77,'899 Sanford Road','+1-325-479-7874','1971-09-16',34,15,'2022-08-03 03:37:30','2022-08-03 03:37:30'),(78,'9287 Mueller Via Suite 333','470.278.0753','1973-11-09',4,16,'2022-08-03 03:37:30','2022-08-03 03:37:30'),(79,'2790 Enola Vista','458-532-0431','1985-07-21',28,9,'2022-08-03 03:37:30','2022-08-03 03:37:30'),(80,'53744 Hessel Pines','1-480-637-3302','1989-10-10',85,2,'2022-08-03 03:37:30','2022-08-03 03:37:30'),(81,'69138 Cassin Ferry','+1-769-470-5878','2003-01-12',53,7,'2022-08-03 03:37:30','2022-08-03 03:37:30'),(82,'7362 Willms Skyway Suite 847','234-579-8001','1993-02-04',81,6,'2022-08-03 03:37:30','2022-08-03 03:37:30'),(83,'2976 Abernathy Dale Suite 240','+1 (916) 706-0894','2003-06-01',60,3,'2022-08-03 03:37:30','2022-08-03 03:37:30'),(84,'696 Armani Radial Suite 982','+18782303523','1985-05-15',73,9,'2022-08-03 03:37:30','2022-08-03 03:37:30'),(85,'3538 Augusta Flat Apt. 772','1-740-359-9410','1988-12-14',29,1,'2022-08-03 03:37:30','2022-08-03 03:37:30'),(86,'42203 Maxime Tunnel','959-736-1004','1998-09-07',12,5,'2022-08-03 03:37:30','2022-08-03 03:37:30'),(87,'79753 Marguerite Green Suite 534','+19865588213','1975-11-02',21,11,'2022-08-03 03:37:30','2022-08-03 03:37:30'),(88,'556 Borer Camp Apt. 849','641-621-8988','1976-12-03',24,8,'2022-08-03 03:37:30','2022-08-03 03:37:30'),(89,'94731 Georgiana Greens','551.920.3734','1980-12-03',37,6,'2022-08-03 03:37:30','2022-08-03 03:37:30'),(90,'78103 Daryl Gardens','+1 (724) 934-0307','1976-09-24',3,8,'2022-08-03 03:37:30','2022-08-03 03:37:30'),(91,'20040 Schimmel Isle Apt. 088','959-989-1122','1973-10-25',6,12,'2022-08-03 03:37:30','2022-08-03 03:37:30'),(92,'455 Noah Port','(573) 892-0814','1996-06-17',43,15,'2022-08-03 03:37:30','2022-08-03 03:37:30'),(93,'85538 Manuel Well','1-901-508-9689','1973-10-07',84,5,'2022-08-03 03:37:30','2022-08-03 03:37:30'),(94,'4213 Mia Unions','608-984-3142','1976-11-12',58,13,'2022-08-03 03:37:30','2022-08-03 03:37:30'),(95,'886 Toy Burg Apt. 053','442-449-2862','1990-04-13',76,6,'2022-08-03 03:37:30','2022-08-03 03:37:30'),(96,'5602 Camille Mall Apt. 548','+1 (708) 630-1459','1992-07-05',31,5,'2022-08-03 03:37:30','2022-08-03 03:37:30'),(97,'38125 Marvin Spring Suite 049','1-213-632-4678','1987-05-08',70,1,'2022-08-03 03:37:30','2022-08-03 03:37:30'),(99,'4046 Brekke Parkways','727-906-7834','1984-06-06',82,7,'2022-08-03 03:37:30','2022-08-03 03:37:30'),(100,'39504 Fahey Oval','(347) 830-8395','1978-06-25',91,10,'2022-08-03 03:37:30','2022-08-03 03:37:30'),(101,'5910 aveneu des erables','151415415','2022-08-17',101,15,'2022-08-03 03:41:51','2022-08-09 00:53:07'),(102,'69583 Orn Station Apt. 045777','5157235488','2022-08-15',102,15,'2022-08-04 00:26:59','2022-08-04 00:26:59'),(103,'69583 Orn Station Apt. 045','726.689.1456','2022-08-18',103,15,'2022-08-05 01:26:22','2022-08-05 01:26:22'),(104,'gsagsdfgdsgfdsgsd','1514154151','2022-08-26',104,15,'2022-08-09 02:03:15','2022-08-09 02:03:15'),(105,'teetrtertwer','515723547777','2022-08-04',105,15,'2022-08-09 02:04:37','2022-08-09 02:04:37'),(106,'69583 Orn Station Apt. 045777','726.689.1','2022-08-10',106,15,'2022-08-09 02:06:20','2022-08-09 02:06:20'),(108,'69583 Orn Station Apt. 045777','515723546888','2022-08-03',108,15,'2022-08-11 02:16:58','2022-08-11 02:16:58'),(110,'gsagsdfgdsgfdsgsd','5157235462333','2022-08-13',110,15,'2022-08-11 19:59:20','2022-08-11 19:59:20'),(111,'69583 Orn Station Apt. 045','515723548833','2022-08-17',111,15,'2022-08-11 20:00:10','2022-08-11 20:00:10');
/*!40000 ALTER TABLE `etudiants` ENABLE KEYS */;
UNLOCK TABLES;

--
-- Table structure for table `failed_jobs`
--

DROP TABLE IF EXISTS `failed_jobs`;
/*!40101 SET @saved_cs_client     = @@character_set_client */;
/*!40101 SET character_set_client = utf8 */;
CREATE TABLE `failed_jobs` (
  `id` bigint(20) unsigned NOT NULL AUTO_INCREMENT,
  `uuid` varchar(255) COLLATE utf8mb4_unicode_ci NOT NULL,
  `connection` text COLLATE utf8mb4_unicode_ci NOT NULL,
  `queue` text COLLATE utf8mb4_unicode_ci NOT NULL,
  `payload` longtext COLLATE utf8mb4_unicode_ci NOT NULL,
  `exception` longtext COLLATE utf8mb4_unicode_ci NOT NULL,
  `failed_at` timestamp NOT NULL DEFAULT CURRENT_TIMESTAMP,
  PRIMARY KEY (`id`),
  UNIQUE KEY `failed_jobs_uuid_unique` (`uuid`)
) ENGINE=InnoDB DEFAULT CHARSET=utf8mb4 COLLATE=utf8mb4_unicode_ci;
/*!40101 SET character_set_client = @saved_cs_client */;

--
-- Dumping data for table `failed_jobs`
--

LOCK TABLES `failed_jobs` WRITE;
/*!40000 ALTER TABLE `failed_jobs` DISABLE KEYS */;
/*!40000 ALTER TABLE `failed_jobs` ENABLE KEYS */;
UNLOCK TABLES;

--
-- Table structure for table `files`
--

DROP TABLE IF EXISTS `files`;
/*!40101 SET @saved_cs_client     = @@character_set_client */;
/*!40101 SET character_set_client = utf8 */;
CREATE TABLE `files` (
  `id` bigint(20) unsigned NOT NULL AUTO_INCREMENT,
  `name` varchar(255) COLLATE utf8mb4_unicode_ci NOT NULL,
  `name_fr` varchar(255) COLLATE utf8mb4_unicode_ci DEFAULT NULL,
  `file_path` varchar(255) COLLATE utf8mb4_unicode_ci DEFAULT NULL,
  `user_id` bigint(20) unsigned NOT NULL,
  `created_at` timestamp NULL DEFAULT NULL,
  `updated_at` timestamp NULL DEFAULT NULL,
  `deleted_at` timestamp NULL DEFAULT NULL,
  `categories_id` int(11) NOT NULL,
  PRIMARY KEY (`id`),
  KEY `files_user_id_foreign` (`user_id`),
  KEY `fk_files_categories1_idx` (`categories_id`),
  CONSTRAINT `files_user_id_foreign` FOREIGN KEY (`user_id`) REFERENCES `users` (`id`) ON DELETE CASCADE,
  CONSTRAINT `fk_files_categories1` FOREIGN KEY (`categories_id`) REFERENCES `categories` (`id`) ON DELETE NO ACTION ON UPDATE NO ACTION
) ENGINE=InnoDB AUTO_INCREMENT=29 DEFAULT CHARSET=utf8mb4 COLLATE=utf8mb4_unicode_ci;
/*!40101 SET character_set_client = @saved_cs_client */;

--
-- Dumping data for table `files`
--

LOCK TABLES `files` WRITE;
/*!40000 ALTER TABLE `files` DISABLE KEYS */;
INSERT INTO `files` VALUES (22,'gizu',NULL,'/app/public/uploads/1660169962_582-31B_ProgrammationWebAvancee_20632.pdf',108,'2022-08-11 02:18:10','2022-08-11 02:19:22',NULL,1),(24,'hjgjgjhghj',NULL,'/app/public/uploads/1660243393_Sebastien-Gedeon-CV.pdf',111,'2022-08-11 22:43:13','2022-08-11 22:43:13',NULL,1),(25,'fsdafsadfdasfads',NULL,'/app/public/uploads/1660498132_guideUtilisateur.doc',101,'2022-08-14 21:27:12','2022-08-14 21:28:52',NULL,1),(26,'gdfgdsgdsfgdfsgsdfg',NULL,'/app/public/uploads/1660498047__content_dam_ircc_migration_ircc_francais_passeport_formulaires_pdf_pptc154.pdf',101,'2022-08-14 21:27:27','2022-08-14 21:27:27',NULL,1),(27,'fdsfadsfads',NULL,'/app/public/uploads/1660585196_guideUtilisateur.doc',101,'2022-08-15 21:39:56','2022-08-15 21:39:56',NULL,1),(28,'fsfdasfds',NULL,'/app/public/uploads/1660585232_tp-volet1.pdf',101,'2022-08-15 21:40:32','2022-08-15 21:40:32',NULL,1);
/*!40000 ALTER TABLE `files` ENABLE KEYS */;
UNLOCK TABLES;

--
-- Table structure for table `migrations`
--

DROP TABLE IF EXISTS `migrations`;
/*!40101 SET @saved_cs_client     = @@character_set_client */;
/*!40101 SET character_set_client = utf8 */;
CREATE TABLE `migrations` (
  `id` int(10) unsigned NOT NULL AUTO_INCREMENT,
  `migration` varchar(255) COLLATE utf8mb4_unicode_ci NOT NULL,
  `batch` int(11) NOT NULL,
  PRIMARY KEY (`id`)
) ENGINE=InnoDB AUTO_INCREMENT=33 DEFAULT CHARSET=utf8mb4 COLLATE=utf8mb4_unicode_ci;
/*!40101 SET character_set_client = @saved_cs_client */;

--
-- Dumping data for table `migrations`
--

LOCK TABLES `migrations` WRITE;
/*!40000 ALTER TABLE `migrations` DISABLE KEYS */;
INSERT INTO `migrations` VALUES (2,'2014_10_12_100000_create_password_resets_table',1),(3,'2019_08_19_000000_create_failed_jobs_table',1),(4,'2019_12_14_000001_create_personal_access_tokens_table',1),(5,'2022_06_21_022022_create_villes_table',1),(21,'2014_10_12_000000_create_users_table',2),(22,'2022_06_21_140401_create_etudiants_table',2),(29,'2022_08_03_220802_create_blog_posts_table',3),(32,'2022_08_05_185117_create_files_table',4);
/*!40000 ALTER TABLE `migrations` ENABLE KEYS */;
UNLOCK TABLES;

--
-- Table structure for table `password_resets`
--

DROP TABLE IF EXISTS `password_resets`;
/*!40101 SET @saved_cs_client     = @@character_set_client */;
/*!40101 SET character_set_client = utf8 */;
CREATE TABLE `password_resets` (
  `email` varchar(255) COLLATE utf8mb4_unicode_ci NOT NULL,
  `token` varchar(255) COLLATE utf8mb4_unicode_ci NOT NULL,
  `created_at` timestamp NULL DEFAULT NULL,
  KEY `password_resets_email_index` (`email`)
) ENGINE=InnoDB DEFAULT CHARSET=utf8mb4 COLLATE=utf8mb4_unicode_ci;
/*!40101 SET character_set_client = @saved_cs_client */;

--
-- Dumping data for table `password_resets`
--

LOCK TABLES `password_resets` WRITE;
/*!40000 ALTER TABLE `password_resets` DISABLE KEYS */;
/*!40000 ALTER TABLE `password_resets` ENABLE KEYS */;
UNLOCK TABLES;

--
-- Table structure for table `personal_access_tokens`
--

DROP TABLE IF EXISTS `personal_access_tokens`;
/*!40101 SET @saved_cs_client     = @@character_set_client */;
/*!40101 SET character_set_client = utf8 */;
CREATE TABLE `personal_access_tokens` (
  `id` bigint(20) unsigned NOT NULL AUTO_INCREMENT,
  `tokenable_type` varchar(255) COLLATE utf8mb4_unicode_ci NOT NULL,
  `tokenable_id` bigint(20) unsigned NOT NULL,
  `name` varchar(255) COLLATE utf8mb4_unicode_ci NOT NULL,
  `token` varchar(64) COLLATE utf8mb4_unicode_ci NOT NULL,
  `abilities` text COLLATE utf8mb4_unicode_ci,
  `last_used_at` timestamp NULL DEFAULT NULL,
  `created_at` timestamp NULL DEFAULT NULL,
  `updated_at` timestamp NULL DEFAULT NULL,
  PRIMARY KEY (`id`),
  UNIQUE KEY `personal_access_tokens_token_unique` (`token`),
  KEY `personal_access_tokens_tokenable_type_tokenable_id_index` (`tokenable_type`,`tokenable_id`)
) ENGINE=InnoDB DEFAULT CHARSET=utf8mb4 COLLATE=utf8mb4_unicode_ci;
/*!40101 SET character_set_client = @saved_cs_client */;

--
-- Dumping data for table `personal_access_tokens`
--

LOCK TABLES `personal_access_tokens` WRITE;
/*!40000 ALTER TABLE `personal_access_tokens` DISABLE KEYS */;
/*!40000 ALTER TABLE `personal_access_tokens` ENABLE KEYS */;
UNLOCK TABLES;

--
-- Table structure for table `users`
--

DROP TABLE IF EXISTS `users`;
/*!40101 SET @saved_cs_client     = @@character_set_client */;
/*!40101 SET character_set_client = utf8 */;
CREATE TABLE `users` (
  `id` bigint(20) unsigned NOT NULL AUTO_INCREMENT,
  `name` varchar(255) COLLATE utf8mb4_unicode_ci NOT NULL,
  `email` varchar(255) COLLATE utf8mb4_unicode_ci NOT NULL,
  `email_verified_at` timestamp NULL DEFAULT NULL,
  `profil` varchar(255) COLLATE utf8mb4_unicode_ci NOT NULL,
  `password` varchar(255) COLLATE utf8mb4_unicode_ci NOT NULL,
  `remember_token` varchar(100) COLLATE utf8mb4_unicode_ci DEFAULT NULL,
  `created_at` timestamp NULL DEFAULT NULL,
  `updated_at` timestamp NULL DEFAULT NULL,
  PRIMARY KEY (`id`),
  UNIQUE KEY `users_email_unique` (`email`)
) ENGINE=InnoDB AUTO_INCREMENT=112 DEFAULT CHARSET=utf8mb4 COLLATE=utf8mb4_unicode_ci;
/*!40101 SET character_set_client = @saved_cs_client */;

--
-- Dumping data for table `users`
--

LOCK TABLES `users` WRITE;
/*!40000 ALTER TABLE `users` DISABLE KEYS */;
INSERT INTO `users` VALUES (2,'Rudolph Haley DDS','ora.terry@example.net','2022-08-03 03:37:19','student','$2y$10$92IXUNpkjO0rOQ5byMi.Ye4oKoEa3Ro9llC/.og/at2.uheWG/igi','koYsyjAsoU','2022-08-03 03:37:19','2022-08-03 03:37:19'),(3,'Brian Shields','strosin.lavada@example.net','2022-08-03 03:37:19','student','$2y$10$92IXUNpkjO0rOQ5byMi.Ye4oKoEa3Ro9llC/.og/at2.uheWG/igi','baB30qHsR2','2022-08-03 03:37:19','2022-08-03 03:37:19'),(4,'Alverta Wunsch','mosciski.zoey@example.org','2022-08-03 03:37:19','student','$2y$10$92IXUNpkjO0rOQ5byMi.Ye4oKoEa3Ro9llC/.og/at2.uheWG/igi','PLAqxNucNT','2022-08-03 03:37:19','2022-08-03 03:37:19'),(5,'Prof. Savion Armstrong Sr.','pwaelchi@example.org','2022-08-03 03:37:19','student','$2y$10$92IXUNpkjO0rOQ5byMi.Ye4oKoEa3Ro9llC/.og/at2.uheWG/igi','WLKcNkBIKY','2022-08-03 03:37:19','2022-08-03 03:37:19'),(6,'Monte Nolan','haley.vonrueden@example.net','2022-08-03 03:37:19','student','$2y$10$92IXUNpkjO0rOQ5byMi.Ye4oKoEa3Ro9llC/.og/at2.uheWG/igi','ifiQ7QfL9H','2022-08-03 03:37:19','2022-08-03 03:37:19'),(7,'Hollis Satterfield','beier.antonette@example.com','2022-08-03 03:37:19','student','$2y$10$92IXUNpkjO0rOQ5byMi.Ye4oKoEa3Ro9llC/.og/at2.uheWG/igi','7jlqBIfPZZ','2022-08-03 03:37:19','2022-08-03 03:37:19'),(8,'Mrs. Sadye Kemmer I','lschuppe@example.com','2022-08-03 03:37:19','student','$2y$10$92IXUNpkjO0rOQ5byMi.Ye4oKoEa3Ro9llC/.og/at2.uheWG/igi','aJId9QX8vw','2022-08-03 03:37:19','2022-08-03 03:37:19'),(9,'Ms. Ona Anderson I','huel.adrienne@example.org','2022-08-03 03:37:19','student','$2y$10$92IXUNpkjO0rOQ5byMi.Ye4oKoEa3Ro9llC/.og/at2.uheWG/igi','CiQQGeRfED','2022-08-03 03:37:19','2022-08-03 03:37:19'),(10,'Berenice Bayer II','samanta.weimann@example.org','2022-08-03 03:37:19','student','$2y$10$92IXUNpkjO0rOQ5byMi.Ye4oKoEa3Ro9llC/.og/at2.uheWG/igi','JaTORQsdXk','2022-08-03 03:37:19','2022-08-03 03:37:19'),(11,'Teresa Torp','oberge@example.net','2022-08-03 03:37:19','student','$2y$10$92IXUNpkjO0rOQ5byMi.Ye4oKoEa3Ro9llC/.og/at2.uheWG/igi','gs6KOZSh5x','2022-08-03 03:37:19','2022-08-03 03:37:19'),(12,'Kathryn Jacobi','paucek.dean@example.org','2022-08-03 03:37:19','student','$2y$10$92IXUNpkjO0rOQ5byMi.Ye4oKoEa3Ro9llC/.og/at2.uheWG/igi','DRdA0D9zm0','2022-08-03 03:37:19','2022-08-03 03:37:19'),(13,'Noelia Hettinger','sblock@example.com','2022-08-03 03:37:19','student','$2y$10$92IXUNpkjO0rOQ5byMi.Ye4oKoEa3Ro9llC/.og/at2.uheWG/igi','BW1j7iYGs4','2022-08-03 03:37:19','2022-08-03 03:37:19'),(14,'Ashley McCullough','wcartwright@example.com','2022-08-03 03:37:19','student','$2y$10$92IXUNpkjO0rOQ5byMi.Ye4oKoEa3Ro9llC/.og/at2.uheWG/igi','IkY5rXVbhl','2022-08-03 03:37:19','2022-08-03 03:37:19'),(15,'Thea Auer','schoen.ophelia@example.com','2022-08-03 03:37:19','student','$2y$10$92IXUNpkjO0rOQ5byMi.Ye4oKoEa3Ro9llC/.og/at2.uheWG/igi','FRX6bQ7vjd','2022-08-03 03:37:19','2022-08-03 03:37:19'),(16,'Andre Collins','morar.antonia@example.net','2022-08-03 03:37:19','student','$2y$10$YhzzCuAxjBqW.tnh/cSkpOXKOuzSgib9oR4TlofaTVa59zxfgfCga','lGP5Ub8iUPoNdm9e9pCOjn9yj3c0IJEi6LNci4c3XNZA0ojmJpKk5qQ1fH6Q','2022-08-03 03:37:19','2022-08-05 01:19:28'),(17,'Nannie Schumm','maryjane.schinner@example.com','2022-08-03 03:37:19','student','$2y$10$92IXUNpkjO0rOQ5byMi.Ye4oKoEa3Ro9llC/.og/at2.uheWG/igi','cRiX9lMTbe','2022-08-03 03:37:19','2022-08-03 03:37:19'),(18,'Frank Strosin','elizabeth23@example.com','2022-08-03 03:37:19','student','$2y$10$92IXUNpkjO0rOQ5byMi.Ye4oKoEa3Ro9llC/.og/at2.uheWG/igi','IakrRddSJa','2022-08-03 03:37:19','2022-08-03 03:37:19'),(19,'Julian Hessel','america31@example.com','2022-08-03 03:37:19','student','$2y$10$92IXUNpkjO0rOQ5byMi.Ye4oKoEa3Ro9llC/.og/at2.uheWG/igi','WfKOYSIq9p','2022-08-03 03:37:19','2022-08-03 03:37:19'),(20,'Dr. Carlee Moore DVM','kenna.balistreri@example.com','2022-08-03 03:37:19','student','$2y$10$92IXUNpkjO0rOQ5byMi.Ye4oKoEa3Ro9llC/.og/at2.uheWG/igi','zj0S6rGten','2022-08-03 03:37:19','2022-08-03 03:37:19'),(21,'Dr. Ericka Jenkins I','stroman.aylin@example.net','2022-08-03 03:37:19','student','$2y$10$92IXUNpkjO0rOQ5byMi.Ye4oKoEa3Ro9llC/.og/at2.uheWG/igi','vjdhsarahc','2022-08-03 03:37:19','2022-08-03 03:37:19'),(22,'Mikayla Steuber PhD','dock38@example.com','2022-08-03 03:37:19','student','$2y$10$92IXUNpkjO0rOQ5byMi.Ye4oKoEa3Ro9llC/.og/at2.uheWG/igi','QKIeYoPKzY','2022-08-03 03:37:19','2022-08-03 03:37:19'),(23,'Viva Gibson','tre20@example.net','2022-08-03 03:37:19','student','$2y$10$92IXUNpkjO0rOQ5byMi.Ye4oKoEa3Ro9llC/.og/at2.uheWG/igi','yPquNMWZ2T','2022-08-03 03:37:19','2022-08-03 03:37:19'),(24,'Dr. Bertrand Lang Jr.','ruby57@example.net','2022-08-03 03:37:19','student','$2y$10$92IXUNpkjO0rOQ5byMi.Ye4oKoEa3Ro9llC/.og/at2.uheWG/igi','9qRRYVTIaF','2022-08-03 03:37:19','2022-08-03 03:37:19'),(25,'Wayne Larkin','aufderhar.rocky@example.com','2022-08-03 03:37:19','student','$2y$10$92IXUNpkjO0rOQ5byMi.Ye4oKoEa3Ro9llC/.og/at2.uheWG/igi','nym0Y20diw','2022-08-03 03:37:19','2022-08-03 03:37:19'),(26,'Ms. Mariela McCullough','olson.mara@example.org','2022-08-03 03:37:19','student','$2y$10$92IXUNpkjO0rOQ5byMi.Ye4oKoEa3Ro9llC/.og/at2.uheWG/igi','LcwsssTMVg','2022-08-03 03:37:19','2022-08-03 03:37:19'),(27,'Xzavier McGlynn','schroeder.hugh@example.com','2022-08-03 03:37:19','student','$2y$10$92IXUNpkjO0rOQ5byMi.Ye4oKoEa3Ro9llC/.og/at2.uheWG/igi','IaYy5icLW9','2022-08-03 03:37:19','2022-08-03 03:37:19'),(28,'Lurline Eichmann','alia80@example.net','2022-08-03 03:37:19','student','$2y$10$92IXUNpkjO0rOQ5byMi.Ye4oKoEa3Ro9llC/.og/at2.uheWG/igi','5bWubZM4On','2022-08-03 03:37:19','2022-08-03 03:37:19'),(29,'Dr. Sammy Lang I','cgislason@example.net','2022-08-03 03:37:19','student','$2y$10$92IXUNpkjO0rOQ5byMi.Ye4oKoEa3Ro9llC/.og/at2.uheWG/igi','nyGz7CHBYI','2022-08-03 03:37:19','2022-08-03 03:37:19'),(30,'Clotilde Hettinger','jamar28@example.net','2022-08-03 03:37:19','student','$2y$10$92IXUNpkjO0rOQ5byMi.Ye4oKoEa3Ro9llC/.og/at2.uheWG/igi','G1UVIYGbCn','2022-08-03 03:37:19','2022-08-03 03:37:19'),(31,'Merl Mayer Sr.','alivia15@example.org','2022-08-03 03:37:19','student','$2y$10$92IXUNpkjO0rOQ5byMi.Ye4oKoEa3Ro9llC/.og/at2.uheWG/igi','RDzv7wmaXX','2022-08-03 03:37:19','2022-08-03 03:37:19'),(32,'Hunter Konopelski','gerlach.colin@example.net','2022-08-03 03:37:19','student','$2y$10$92IXUNpkjO0rOQ5byMi.Ye4oKoEa3Ro9llC/.og/at2.uheWG/igi','bgBp4eJgBx','2022-08-03 03:37:19','2022-08-03 03:37:19'),(33,'Lilly Bailey','mbotsford@example.net','2022-08-03 03:37:19','student','$2y$10$92IXUNpkjO0rOQ5byMi.Ye4oKoEa3Ro9llC/.og/at2.uheWG/igi','heTaEF8eWW','2022-08-03 03:37:19','2022-08-03 03:37:19'),(34,'Ms. Cassidy Kautzer PhD','brad00@example.org','2022-08-03 03:37:19','student','$2y$10$92IXUNpkjO0rOQ5byMi.Ye4oKoEa3Ro9llC/.og/at2.uheWG/igi','Lb7CSTMYg1','2022-08-03 03:37:19','2022-08-03 03:37:19'),(35,'Dr. Nella Beatty MD','vincenzo.fisher@example.com','2022-08-03 03:37:19','student','$2y$10$92IXUNpkjO0rOQ5byMi.Ye4oKoEa3Ro9llC/.og/at2.uheWG/igi','WmIF0PSzMa','2022-08-03 03:37:19','2022-08-03 03:37:19'),(36,'Dr. Nathanael Wisozk','graham.lambert@example.com','2022-08-03 03:37:19','student','$2y$10$92IXUNpkjO0rOQ5byMi.Ye4oKoEa3Ro9llC/.og/at2.uheWG/igi','2JPFYzAXen','2022-08-03 03:37:19','2022-08-03 03:37:19'),(37,'Lenna Hamill DDS','camilla.mitchell@example.org','2022-08-03 03:37:19','student','$2y$10$92IXUNpkjO0rOQ5byMi.Ye4oKoEa3Ro9llC/.og/at2.uheWG/igi','ff51934VXu','2022-08-03 03:37:19','2022-08-03 03:37:19'),(38,'Ila Strosin','lyric.gutkowski@example.com','2022-08-03 03:37:19','student','$2y$10$92IXUNpkjO0rOQ5byMi.Ye4oKoEa3Ro9llC/.og/at2.uheWG/igi','q0ROIM3Nll','2022-08-03 03:37:19','2022-08-03 03:37:19'),(39,'Claire Okuneva Sr.','pollich.trevor@example.net','2022-08-03 03:37:19','student','$2y$10$92IXUNpkjO0rOQ5byMi.Ye4oKoEa3Ro9llC/.og/at2.uheWG/igi','6S8mYuwdKq','2022-08-03 03:37:19','2022-08-03 03:37:19'),(40,'Jacky Bogan III','benton97@example.com','2022-08-03 03:37:19','student','$2y$10$92IXUNpkjO0rOQ5byMi.Ye4oKoEa3Ro9llC/.og/at2.uheWG/igi','E0OjrpMHWQ','2022-08-03 03:37:19','2022-08-03 03:37:19'),(41,'Jammie Barton','cparisian@example.org','2022-08-03 03:37:19','student','$2y$10$92IXUNpkjO0rOQ5byMi.Ye4oKoEa3Ro9llC/.og/at2.uheWG/igi','ZqFq9orIa4','2022-08-03 03:37:19','2022-08-03 03:37:19'),(42,'Gustave Bogan','iborer@example.com','2022-08-03 03:37:19','student','$2y$10$92IXUNpkjO0rOQ5byMi.Ye4oKoEa3Ro9llC/.og/at2.uheWG/igi','iKU5Ru6gsd','2022-08-03 03:37:19','2022-08-03 03:37:19'),(43,'Loren Buckridge','srunte@example.net','2022-08-03 03:37:19','student','$2y$10$92IXUNpkjO0rOQ5byMi.Ye4oKoEa3Ro9llC/.og/at2.uheWG/igi','aA00oPv2rn','2022-08-03 03:37:19','2022-08-03 03:37:19'),(44,'Evangeline Stiedemann','breanna.haag@example.org','2022-08-03 03:37:19','student','$2y$10$92IXUNpkjO0rOQ5byMi.Ye4oKoEa3Ro9llC/.og/at2.uheWG/igi','kJBtvlHKhO','2022-08-03 03:37:19','2022-08-03 03:37:19'),(45,'Dr. Vivien Grimes','wcummings@example.com','2022-08-03 03:37:19','student','$2y$10$92IXUNpkjO0rOQ5byMi.Ye4oKoEa3Ro9llC/.og/at2.uheWG/igi','m8qgOjEfW9','2022-08-03 03:37:19','2022-08-03 03:37:19'),(46,'Royal Cummerata','margaretta.boyer@example.com','2022-08-03 03:37:19','student','$2y$10$92IXUNpkjO0rOQ5byMi.Ye4oKoEa3Ro9llC/.og/at2.uheWG/igi','CCsb9iZN8X','2022-08-03 03:37:19','2022-08-03 03:37:19'),(47,'Dr. Krystal Braun DVM','murazik.fredy@example.com','2022-08-03 03:37:19','student','$2y$10$92IXUNpkjO0rOQ5byMi.Ye4oKoEa3Ro9llC/.og/at2.uheWG/igi','vc1eWkHaej','2022-08-03 03:37:19','2022-08-03 03:37:19'),(48,'Dillon Champlin','justine.pfeffer@example.net','2022-08-03 03:37:19','student','$2y$10$92IXUNpkjO0rOQ5byMi.Ye4oKoEa3Ro9llC/.og/at2.uheWG/igi','Ofh1aQXqy9','2022-08-03 03:37:19','2022-08-03 03:37:19'),(49,'Beaulah Raynor','dorothy.paucek@example.net','2022-08-03 03:37:19','student','$2y$10$92IXUNpkjO0rOQ5byMi.Ye4oKoEa3Ro9llC/.og/at2.uheWG/igi','FI1q6n75fz','2022-08-03 03:37:19','2022-08-03 03:37:19'),(50,'Keagan Hagenes','prohaska.lawrence@example.com','2022-08-03 03:37:19','student','$2y$10$92IXUNpkjO0rOQ5byMi.Ye4oKoEa3Ro9llC/.og/at2.uheWG/igi','BIR6XZJmxk','2022-08-03 03:37:19','2022-08-03 03:37:19'),(51,'Zechariah Pacocha','johnathon06@example.net','2022-08-03 03:37:19','student','$2y$10$92IXUNpkjO0rOQ5byMi.Ye4oKoEa3Ro9llC/.og/at2.uheWG/igi','7Sezw90mW3','2022-08-03 03:37:19','2022-08-03 03:37:19'),(52,'Prof. Christine Auer IV','adela.bartell@example.org','2022-08-03 03:37:19','student','$2y$10$92IXUNpkjO0rOQ5byMi.Ye4oKoEa3Ro9llC/.og/at2.uheWG/igi','dGu5GvRDpC','2022-08-03 03:37:19','2022-08-03 03:37:19'),(53,'Lydia Mayert','enienow@example.com','2022-08-03 03:37:19','student','$2y$10$92IXUNpkjO0rOQ5byMi.Ye4oKoEa3Ro9llC/.og/at2.uheWG/igi','8j8zYV4SmS','2022-08-03 03:37:19','2022-08-03 03:37:19'),(54,'Arvid Paucek','gvonrueden@example.com','2022-08-03 03:37:19','student','$2y$10$92IXUNpkjO0rOQ5byMi.Ye4oKoEa3Ro9llC/.og/at2.uheWG/igi','av0Yycoxta','2022-08-03 03:37:19','2022-08-03 03:37:19'),(55,'Dr. Jerod Lueilwitz DDS','vivianne.dickens@example.com','2022-08-03 03:37:19','student','$2y$10$92IXUNpkjO0rOQ5byMi.Ye4oKoEa3Ro9llC/.og/at2.uheWG/igi','b8LVqFsASH','2022-08-03 03:37:19','2022-08-03 03:37:19'),(56,'Mr. Ron Corwin','keagan77@example.org','2022-08-03 03:37:19','student','$2y$10$92IXUNpkjO0rOQ5byMi.Ye4oKoEa3Ro9llC/.og/at2.uheWG/igi','bhEXzzThHL','2022-08-03 03:37:19','2022-08-03 03:37:19'),(57,'Bradford Collier','sophie.wehner@example.com','2022-08-03 03:37:19','student','$2y$10$92IXUNpkjO0rOQ5byMi.Ye4oKoEa3Ro9llC/.og/at2.uheWG/igi','BvPvEdi5Ys','2022-08-03 03:37:19','2022-08-03 03:37:19'),(58,'Jeromy Yundt','kutch.rhiannon@example.org','2022-08-03 03:37:19','student','$2y$10$92IXUNpkjO0rOQ5byMi.Ye4oKoEa3Ro9llC/.og/at2.uheWG/igi','417VeumlNo','2022-08-03 03:37:19','2022-08-03 03:37:19'),(59,'Beau Cremin','simonis.adrianna@example.org','2022-08-03 03:37:19','student','$2y$10$92IXUNpkjO0rOQ5byMi.Ye4oKoEa3Ro9llC/.og/at2.uheWG/igi','4Civxj3xQ3','2022-08-03 03:37:19','2022-08-03 03:37:19'),(60,'D\'angelo Mohr','danielle65@example.net','2022-08-03 03:37:19','student','$2y$10$92IXUNpkjO0rOQ5byMi.Ye4oKoEa3Ro9llC/.og/at2.uheWG/igi','4hA5BqzHyI','2022-08-03 03:37:19','2022-08-03 03:37:19'),(61,'Nestor Rodriguez','liza48@example.com','2022-08-03 03:37:19','student','$2y$10$92IXUNpkjO0rOQ5byMi.Ye4oKoEa3Ro9llC/.og/at2.uheWG/igi','cah87tRBhC','2022-08-03 03:37:19','2022-08-03 03:37:19'),(62,'Mrs. Aliza Adams','daryl.bayer@example.com','2022-08-03 03:37:19','student','$2y$10$92IXUNpkjO0rOQ5byMi.Ye4oKoEa3Ro9llC/.og/at2.uheWG/igi','w3Bci7w5mj','2022-08-03 03:37:19','2022-08-03 03:37:19'),(63,'Tierra Oberbrunner','tmante@example.org','2022-08-03 03:37:19','student','$2y$10$92IXUNpkjO0rOQ5byMi.Ye4oKoEa3Ro9llC/.og/at2.uheWG/igi','ClirJtRGmX','2022-08-03 03:37:19','2022-08-03 03:37:19'),(64,'Libby Muller','terrence.bednar@example.net','2022-08-03 03:37:19','student','$2y$10$92IXUNpkjO0rOQ5byMi.Ye4oKoEa3Ro9llC/.og/at2.uheWG/igi','I8RSsPckhS','2022-08-03 03:37:19','2022-08-03 03:37:19'),(65,'Dr. Arvel Quigley V','mable.huels@example.org','2022-08-03 03:37:19','student','$2y$10$92IXUNpkjO0rOQ5byMi.Ye4oKoEa3Ro9llC/.og/at2.uheWG/igi','bnpGIhYlem','2022-08-03 03:37:19','2022-08-03 03:37:19'),(67,'Theo Ernser','keichmann@example.net','2022-08-03 03:37:19','student','$2y$10$92IXUNpkjO0rOQ5byMi.Ye4oKoEa3Ro9llC/.og/at2.uheWG/igi','6jX6o46uG5','2022-08-03 03:37:19','2022-08-03 03:37:19'),(68,'Samir Gleason I','ukassulke@example.net','2022-08-03 03:37:19','student','$2y$10$92IXUNpkjO0rOQ5byMi.Ye4oKoEa3Ro9llC/.og/at2.uheWG/igi','Gi3tF9zxWp','2022-08-03 03:37:19','2022-08-03 03:37:19'),(69,'Camille Becker PhD','polly.schmeler@example.com','2022-08-03 03:37:19','student','$2y$10$92IXUNpkjO0rOQ5byMi.Ye4oKoEa3Ro9llC/.og/at2.uheWG/igi','HDKU7dYDpU','2022-08-03 03:37:19','2022-08-03 03:37:19'),(70,'Anita Toy','streich.lawson@example.net','2022-08-03 03:37:19','student','$2y$10$92IXUNpkjO0rOQ5byMi.Ye4oKoEa3Ro9llC/.og/at2.uheWG/igi','YgIIDINL59','2022-08-03 03:37:19','2022-08-03 03:37:19'),(71,'Prof. Tressie Wiza PhD','devin18@example.org','2022-08-03 03:37:19','student','$2y$10$92IXUNpkjO0rOQ5byMi.Ye4oKoEa3Ro9llC/.og/at2.uheWG/igi','uTf7rAuh4v','2022-08-03 03:37:19','2022-08-03 03:37:19'),(72,'Prof. Elliot Keeling','jankunding@example.com','2022-08-03 03:37:19','student','$2y$10$92IXUNpkjO0rOQ5byMi.Ye4oKoEa3Ro9llC/.og/at2.uheWG/igi','WLIwRAuLU9','2022-08-03 03:37:19','2022-08-03 03:37:19'),(73,'Gaston Bradtke','grover.oberbrunner@example.net','2022-08-03 03:37:19','student','$2y$10$92IXUNpkjO0rOQ5byMi.Ye4oKoEa3Ro9llC/.og/at2.uheWG/igi','cwLTFt3oKi','2022-08-03 03:37:19','2022-08-03 03:37:19'),(74,'Tyra O\'Hara','katelin.powlowski@example.org','2022-08-03 03:37:19','student','$2y$10$92IXUNpkjO0rOQ5byMi.Ye4oKoEa3Ro9llC/.og/at2.uheWG/igi','QvddmWvvGG','2022-08-03 03:37:19','2022-08-03 03:37:19'),(75,'Constance Hand','egoldner@example.com','2022-08-03 03:37:19','student','$2y$10$92IXUNpkjO0rOQ5byMi.Ye4oKoEa3Ro9llC/.og/at2.uheWG/igi','jeW6Fs20DW','2022-08-03 03:37:19','2022-08-03 03:37:19'),(76,'General Bednar','salma.frami@example.net','2022-08-03 03:37:19','student','$2y$10$92IXUNpkjO0rOQ5byMi.Ye4oKoEa3Ro9llC/.og/at2.uheWG/igi','HM0IYubabk','2022-08-03 03:37:19','2022-08-03 03:37:19'),(77,'Clarabelle Lynch','jspinka@example.net','2022-08-03 03:37:19','student','$2y$10$92IXUNpkjO0rOQ5byMi.Ye4oKoEa3Ro9llC/.og/at2.uheWG/igi','JwElljQVvP','2022-08-03 03:37:19','2022-08-03 03:37:19'),(78,'Mr. Wilton Volkman','tyshawn29@example.com','2022-08-03 03:37:19','student','$2y$10$92IXUNpkjO0rOQ5byMi.Ye4oKoEa3Ro9llC/.og/at2.uheWG/igi','Md4QxOdy1W','2022-08-03 03:37:19','2022-08-03 03:37:19'),(79,'Providenci Jaskolski PhD','hstokes@example.org','2022-08-03 03:37:19','student','$2y$10$92IXUNpkjO0rOQ5byMi.Ye4oKoEa3Ro9llC/.og/at2.uheWG/igi','oSeWWQ7f3i','2022-08-03 03:37:19','2022-08-03 03:37:19'),(80,'Prof. Ariane Bergnaum','schneider.libbie@example.net','2022-08-03 03:37:19','student','$2y$10$92IXUNpkjO0rOQ5byMi.Ye4oKoEa3Ro9llC/.og/at2.uheWG/igi','R3cYpc0UMC','2022-08-03 03:37:19','2022-08-03 03:37:19'),(81,'Pete Wolf','baumbach.sebastian@example.org','2022-08-03 03:37:19','student','$2y$10$92IXUNpkjO0rOQ5byMi.Ye4oKoEa3Ro9llC/.og/at2.uheWG/igi','hxg9yKA8G1','2022-08-03 03:37:19','2022-08-03 03:37:19'),(82,'Prof. Florence Davis V','max11@example.com','2022-08-03 03:37:19','student','$2y$10$92IXUNpkjO0rOQ5byMi.Ye4oKoEa3Ro9llC/.og/at2.uheWG/igi','mZdg9e5nhy','2022-08-03 03:37:19','2022-08-03 03:37:19'),(83,'Prof. Jana Kling DDS','lsteuber@example.net','2022-08-03 03:37:19','student','$2y$10$92IXUNpkjO0rOQ5byMi.Ye4oKoEa3Ro9llC/.og/at2.uheWG/igi','2uAkZ7s7hf','2022-08-03 03:37:19','2022-08-03 03:37:19'),(84,'Keara Mitchell','sylvan28@example.net','2022-08-03 03:37:19','student','$2y$10$92IXUNpkjO0rOQ5byMi.Ye4oKoEa3Ro9llC/.og/at2.uheWG/igi','YDOx0wKBWt','2022-08-03 03:37:19','2022-08-03 03:37:19'),(85,'Van Kuhlman DVM','mark.dooley@example.org','2022-08-03 03:37:19','student','$2y$10$92IXUNpkjO0rOQ5byMi.Ye4oKoEa3Ro9llC/.og/at2.uheWG/igi','vgDi6RDxZQ','2022-08-03 03:37:19','2022-08-03 03:37:19'),(86,'Gertrude Fay','harmon.bogan@example.com','2022-08-03 03:37:19','student','$2y$10$92IXUNpkjO0rOQ5byMi.Ye4oKoEa3Ro9llC/.og/at2.uheWG/igi','0Kcd4nklFA','2022-08-03 03:37:19','2022-08-03 03:37:19'),(88,'Giovani Leannon','larson.jairo@example.org','2022-08-03 03:37:19','student','$2y$10$92IXUNpkjO0rOQ5byMi.Ye4oKoEa3Ro9llC/.og/at2.uheWG/igi','VBmxZgtwKN','2022-08-03 03:37:19','2022-08-03 03:37:19'),(89,'Winfield Kohler','oharber@example.org','2022-08-03 03:37:19','student','$2y$10$92IXUNpkjO0rOQ5byMi.Ye4oKoEa3Ro9llC/.og/at2.uheWG/igi','ghDx6mjJdz','2022-08-03 03:37:19','2022-08-03 03:37:19'),(90,'Marisol Block MD','aidan35@example.com','2022-08-03 03:37:19','student','$2y$10$92IXUNpkjO0rOQ5byMi.Ye4oKoEa3Ro9llC/.og/at2.uheWG/igi','II0bnYzxg3','2022-08-03 03:37:19','2022-08-03 03:37:19'),(91,'Violette Nikolaus','savion84@example.com','2022-08-03 03:37:19','student','$2y$10$92IXUNpkjO0rOQ5byMi.Ye4oKoEa3Ro9llC/.og/at2.uheWG/igi','McD6wNlbNF','2022-08-03 03:37:19','2022-08-03 03:37:19'),(92,'Cruz Boehm III','nbosco@example.net','2022-08-03 03:37:19','student','$2y$10$92IXUNpkjO0rOQ5byMi.Ye4oKoEa3Ro9llC/.og/at2.uheWG/igi','bnDMxpsGGq','2022-08-03 03:37:19','2022-08-03 03:37:19'),(93,'Isabelle Kemmer','dbrown@example.net','2022-08-03 03:37:19','student','$2y$10$92IXUNpkjO0rOQ5byMi.Ye4oKoEa3Ro9llC/.og/at2.uheWG/igi','8OeVAO9pGA','2022-08-03 03:37:19','2022-08-03 03:37:19'),(94,'Aryanna Quitzon','donnelly.melany@example.com','2022-08-03 03:37:19','student','$2y$10$92IXUNpkjO0rOQ5byMi.Ye4oKoEa3Ro9llC/.og/at2.uheWG/igi','pLBozoT8nN','2022-08-03 03:37:19','2022-08-03 03:37:19'),(95,'Mrs. Hollie Johnson DDS','prohaska.alexandrine@example.com','2022-08-03 03:37:19','student','$2y$10$92IXUNpkjO0rOQ5byMi.Ye4oKoEa3Ro9llC/.og/at2.uheWG/igi','JYxWLBLkFi','2022-08-03 03:37:19','2022-08-03 03:37:19'),(96,'Jazlyn Marquardt','annabelle84@example.org','2022-08-03 03:37:19','student','$2y$10$92IXUNpkjO0rOQ5byMi.Ye4oKoEa3Ro9llC/.og/at2.uheWG/igi','n2inNHwGyf','2022-08-03 03:37:19','2022-08-03 03:37:19'),(97,'Brooks Dare','candido.pouros@example.net','2022-08-03 03:37:19','student','$2y$10$92IXUNpkjO0rOQ5byMi.Ye4oKoEa3Ro9llC/.og/at2.uheWG/igi','vj7y36b8kR','2022-08-03 03:37:19','2022-08-03 03:37:19'),(99,'Felipa Morar V','alexandria15@example.com','2022-08-03 03:37:19','student','$2y$10$92IXUNpkjO0rOQ5byMi.Ye4oKoEa3Ro9llC/.og/at2.uheWG/igi','jUb1JZNzMy','2022-08-03 03:37:19','2022-08-03 03:37:19'),(100,'Rosa Sauer','pkassulke@example.net','2022-08-03 03:37:19','student','$2y$10$92IXUNpkjO0rOQ5byMi.Ye4oKoEa3Ro9llC/.og/at2.uheWG/igi','Pm4oVGvgMh','2022-08-03 03:37:19','2022-08-03 03:37:19'),(101,'Sebastien Gedeon','s.gedeon@hotmail.fr',NULL,'admin','$2y$10$Oo8O90naeTfeRl7/QMWATeR.c4vz/1wrCV6xkgDByRzQEahmUH91.',NULL,'2022-08-03 03:41:51','2022-08-09 00:53:07'),(102,'gizubilouxzzzz','gizu99@msn.com',NULL,'student','$2y$10$FZ7xbUiZ2KqeIIWMKxkJnOyoeh8uyROAB6mcZhcEaX0s6Xxrttloy',NULL,'2022-08-04 00:26:59','2022-08-04 02:41:13'),(103,'loulou','s.gedeon@hotmail.lo',NULL,'admin','$2y$10$EdnIVeMOqXBvLDa8W9HM2Ou4aAPOcx0.pCaTdopJdOmoSvR646otK',NULL,'2022-08-05 01:26:22','2022-08-05 01:28:21'),(104,'dsdsafasgasdgsf','s.gedeon@hot.fr',NULL,'student','$2y$10$..xvBcht9NPUPt2KSAfgoO1pNByiQfVEEGiPfp7qp8lYAtHh27fEu',NULL,'2022-08-09 02:03:15','2022-08-09 02:03:15'),(105,'trewtewtewrt','s.gedeon@h.fr',NULL,'student','$2y$10$.00vAIe8bcwOhzpmLOdSduKL7Fb0M0YEq7uTyyOTdLjZJDk/FHJVu',NULL,'2022-08-09 02:04:37','2022-08-09 02:04:37'),(106,'fsdafsdagfasfg','s.gedeon@hail.fr',NULL,'student','$2y$10$kXuBHxqAludUdPyn.CzHpOExzjTYdl4.Yak8BHSkOuYTDsRf5oG5m',NULL,'2022-08-09 02:06:20','2022-08-09 02:06:20'),(108,'test2','s.gedeon@test2.fr',NULL,'student','$2y$10$zFixdLIbPorusecHS9j7WeH24MN1rQ.8oj68l1hUQ/fdSOwUbsnbS',NULL,'2022-08-11 02:16:58','2022-08-11 02:16:58'),(110,'gizu','s.gedeon@hotmail.freeee',NULL,'student','$2y$10$1G1IN7FtBg/iBKsJooLok.DDhYtTfOtlVvEDZe2eWbTel.z/yIMxW',NULL,'2022-08-11 19:59:20','2022-08-11 19:59:20'),(111,'test','test@test.fr',NULL,'student','$2y$10$r6hqD6E1752PxcpudJumX.8SMbKumiyEdEkTzUgSBsisUQff6Z0iK',NULL,'2022-08-11 20:00:10','2022-08-11 20:00:10');
/*!40000 ALTER TABLE `users` ENABLE KEYS */;
UNLOCK TABLES;

--
-- Table structure for table `villes`
--

DROP TABLE IF EXISTS `villes`;
/*!40101 SET @saved_cs_client     = @@character_set_client */;
/*!40101 SET character_set_client = utf8 */;
CREATE TABLE `villes` (
  `id` bigint(20) unsigned NOT NULL AUTO_INCREMENT,
  `nom` varchar(100) COLLATE utf8mb4_unicode_ci NOT NULL,
  `created_at` timestamp NULL DEFAULT NULL,
  `updated_at` timestamp NULL DEFAULT NULL,
  PRIMARY KEY (`id`)
) ENGINE=InnoDB AUTO_INCREMENT=17 DEFAULT CHARSET=utf8mb4 COLLATE=utf8mb4_unicode_ci;
/*!40101 SET character_set_client = @saved_cs_client */;

--
-- Dumping data for table `villes`
--

LOCK TABLES `villes` WRITE;
/*!40000 ALTER TABLE `villes` DISABLE KEYS */;
INSERT INTO `villes` VALUES (1,'Port Orland','2022-06-21 19:27:07','2022-06-21 19:27:07'),(2,'East Sterling','2022-06-21 19:27:07','2022-06-21 19:27:07'),(3,'North Eveline','2022-06-21 19:27:07','2022-06-21 19:27:07'),(4,'Stromantown','2022-06-21 19:27:07','2022-06-21 19:27:07'),(5,'East Leonefort','2022-06-21 19:27:07','2022-06-21 19:27:07'),(6,'New Floyport','2022-06-21 19:27:07','2022-06-21 19:27:07'),(7,'West Ryan','2022-06-21 19:27:07','2022-06-21 19:27:07'),(8,'East Durward','2022-06-21 19:27:07','2022-06-21 19:27:07'),(9,'New Alysonton','2022-06-21 19:27:07','2022-06-21 19:27:07'),(10,'West Agustin','2022-06-21 19:27:07','2022-06-21 19:27:07'),(11,'Shanahanshire','2022-06-21 19:27:07','2022-06-21 19:27:07'),(12,'Lake Denisborough','2022-06-21 19:27:07','2022-06-21 19:27:07'),(13,'North Kadintown','2022-06-21 19:27:07','2022-06-21 19:27:07'),(14,'New Trinity','2022-06-21 19:27:07','2022-06-21 19:27:07'),(15,'Davidburgh','2022-06-21 19:27:07','2022-06-21 19:27:07'),(16,'O\'Harachester','2022-06-21 20:23:15','2022-06-21 20:23:15');
/*!40000 ALTER TABLE `villes` ENABLE KEYS */;
UNLOCK TABLES;
/*!40103 SET TIME_ZONE=@OLD_TIME_ZONE */;

/*!40101 SET SQL_MODE=@OLD_SQL_MODE */;
/*!40014 SET FOREIGN_KEY_CHECKS=@OLD_FOREIGN_KEY_CHECKS */;
/*!40014 SET UNIQUE_CHECKS=@OLD_UNIQUE_CHECKS */;
/*!40101 SET CHARACTER_SET_CLIENT=@OLD_CHARACTER_SET_CLIENT */;
/*!40101 SET CHARACTER_SET_RESULTS=@OLD_CHARACTER_SET_RESULTS */;
/*!40101 SET COLLATION_CONNECTION=@OLD_COLLATION_CONNECTION */;
/*!40111 SET SQL_NOTES=@OLD_SQL_NOTES */;

-- Dump completed on 2022-11-22 15:22:52
